"ID","TL","Depth","mean.Rug","ID.chapter","Site","life_stage","Species","Record","Habitat","wi"
1,2,1.8,1.533,4,2,"recruits","chrysurus",1,"Pavement",0.422649223221586
1,2,1.8,1.533,4,2,"recruits","chrysurus",1,"Sand",0.980262582056893
1,2,1.8,1.533,4,2,"recruits","chrysurus",1,"Algae",0.403040935672515
1,2,1.8,1.533,4,2,"recruits","chrysurus",1,"Soft.cor",0
1,2,1.8,1.533,4,2,"recruits","chrysurus",1,"Cbranching",0
1,2,1.8,1.533,4,2,"recruits","chrysurus",1,"Fbranching",0.228211920529801
1,2,1.8,1.533,4,2,"recruits","chrysurus",1,"Mcoral",0.116813559322034
1,2,1.8,1.533,4,2,"recruits","chrysurus",1,"Rubble",4.25277676950998
2,1.7,1.8,1.5,5,3,"recruits","chrysurus",2,"Pavement",1.0632633279483
2,1.7,1.8,1.5,5,3,"recruits","chrysurus",2,"Sand",1.16241610738255
2,1.7,1.8,1.5,5,3,"recruits","chrysurus",2,"Algae",0.23248322147651
2,1.7,1.8,1.5,5,3,"recruits","chrysurus",2,"Soft.cor",0
2,1.7,1.8,1.5,5,3,"recruits","chrysurus",2,"Cbranching",0.412380952380952
2,1.7,1.8,1.5,5,3,"recruits","chrysurus",2,"Fbranching",0.368510638297872
2,1.7,1.8,1.5,5,3,"recruits","chrysurus",2,"Mcoral",0.392521246458924
2,1.7,1.8,1.5,5,3,"recruits","chrysurus",2,"Rubble",2.48667779632721
3,2.1,1.4,1.767,6,3,"recruits","chrysurus",3,"Pavement",0.671534733441034
3,2.1,1.4,1.767,6,3,"recruits","chrysurus",3,"Sand",3.48724832214765
3,2.1,1.4,1.767,6,3,"recruits","chrysurus",3,"Algae",0.46496644295302
3,2.1,1.4,1.767,6,3,"recruits","chrysurus",3,"Soft.cor",0.0751409978308026
3,2.1,1.4,1.767,6,3,"recruits","chrysurus",3,"Cbranching",0
3,2.1,1.4,1.767,6,3,"recruits","chrysurus",3,"Fbranching",0
3,2.1,1.4,1.767,6,3,"recruits","chrysurus",3,"Mcoral",0.392521246458924
3,2.1,1.4,1.767,6,3,"recruits","chrysurus",3,"Rubble",2.25535893155259
4,1.5,1.4,2.133,17,3,"recruits","moluccensis",4,"Pavement",0.867399030694669
4,1.5,1.4,2.133,17,3,"recruits","moluccensis",4,"Sand",0
4,1.5,1.4,2.133,17,3,"recruits","moluccensis",4,"Algae",1.39489932885906
4,1.5,1.4,2.133,17,3,"recruits","moluccensis",4,"Soft.cor",0.375704989154013
4,1.5,1.4,2.133,17,3,"recruits","moluccensis",4,"Cbranching",0
4,1.5,1.4,2.133,17,3,"recruits","moluccensis",4,"Fbranching",3.93078014184397
4,1.5,1.4,2.133,17,3,"recruits","moluccensis",4,"Mcoral",1.66821529745042
4,1.5,1.4,2.133,17,3,"recruits","moluccensis",4,"Rubble",0.404808013355593
5,1.5,2.3,1.933,32,3,"recruits","moluccensis",5,"Pavement",0.755476575121163
5,1.5,2.3,1.933,32,3,"recruits","moluccensis",5,"Sand",1.16241610738255
5,1.5,2.3,1.933,32,3,"recruits","moluccensis",5,"Algae",0.46496644295302
5,1.5,2.3,1.933,32,3,"recruits","moluccensis",5,"Soft.cor",0.676268980477223
5,1.5,2.3,1.933,32,3,"recruits","moluccensis",5,"Cbranching",0
5,1.5,2.3,1.933,32,3,"recruits","moluccensis",5,"Fbranching",1.71971631205674
5,1.5,2.3,1.933,32,3,"recruits","moluccensis",5,"Mcoral",2.8457790368272
5,1.5,2.3,1.933,32,3,"recruits","moluccensis",5,"Rubble",0.520467445742905
6,1.5,3.1,1.86,33,3,"recruits","moluccensis",6,"Pavement",1.09124394184168
6,1.5,3.1,1.86,33,3,"recruits","moluccensis",6,"Sand",1.62738255033557
6,1.5,3.1,1.86,33,3,"recruits","moluccensis",6,"Algae",0
6,1.5,3.1,1.86,33,3,"recruits","moluccensis",6,"Soft.cor",0.525986984815618
6,1.5,3.1,1.86,33,3,"recruits","moluccensis",6,"Cbranching",0
6,1.5,3.1,1.86,33,3,"recruits","moluccensis",6,"Fbranching",2.08822695035461
6,1.5,3.1,1.86,33,3,"recruits","moluccensis",6,"Mcoral",1.47195467422096
6,1.5,3.1,1.86,33,3,"recruits","moluccensis",6,"Rubble",0.462637729549249
7,1.5,3.1,1.86,34,3,"recruits","moluccensis",7,"Pavement",1.09124394184168
7,1.5,3.1,1.86,34,3,"recruits","moluccensis",7,"Sand",1.62738255033557
7,1.5,3.1,1.86,34,3,"recruits","moluccensis",7,"Algae",0
7,1.5,3.1,1.86,34,3,"recruits","moluccensis",7,"Soft.cor",0.525986984815618
7,1.5,3.1,1.86,34,3,"recruits","moluccensis",7,"Cbranching",0
7,1.5,3.1,1.86,34,3,"recruits","moluccensis",7,"Fbranching",2.08822695035461
7,1.5,3.1,1.86,34,3,"recruits","moluccensis",7,"Mcoral",1.47195467422096
7,1.5,3.1,1.86,34,3,"recruits","moluccensis",7,"Rubble",0.462637729549249
8,1.4,1.9,1.607,36,3,"recruits","moluccensis",8,"Pavement",0.755476575121163
8,1.4,1.9,1.607,36,3,"recruits","moluccensis",8,"Sand",0.69744966442953
8,1.4,1.9,1.607,36,3,"recruits","moluccensis",8,"Algae",0
8,1.4,1.9,1.607,36,3,"recruits","moluccensis",8,"Soft.cor",2.55479392624729
8,1.4,1.9,1.607,36,3,"recruits","moluccensis",8,"Cbranching",0
8,1.4,1.9,1.607,36,3,"recruits","moluccensis",8,"Fbranching",2.57957446808511
8,1.4,1.9,1.607,36,3,"recruits","moluccensis",8,"Mcoral",0.686912181303116
8,1.4,1.9,1.607,36,3,"recruits","moluccensis",8,"Rubble",0.28914858096828
9,1.7,2.9,1.62,42,2,"recruits","amboinensis",9,"Pavement",0.563532297628782
9,1.7,2.9,1.62,42,2,"recruits","amboinensis",9,"Sand",2.78997811816193
9,1.7,2.9,1.62,42,2,"recruits","amboinensis",9,"Algae",0.201520467836257
9,1.7,2.9,1.62,42,2,"recruits","amboinensis",9,"Soft.cor",0.773713298791019
9,1.7,2.9,1.62,42,2,"recruits","amboinensis",9,"Cbranching",0
9,1.7,2.9,1.62,42,2,"recruits","amboinensis",9,"Fbranching",0.456423841059603
9,1.7,2.9,1.62,42,2,"recruits","amboinensis",9,"Mcoral",2.10264406779661
9,1.7,2.9,1.62,42,2,"recruits","amboinensis",9,"Rubble",0.562867513611615
10,1.9,1.7,1.3,46,3,"recruits","chrysurus",10,"Pavement",1.09124394184168
10,1.9,1.7,1.3,46,3,"recruits","chrysurus",10,"Sand",1.62738255033557
10,1.9,1.7,1.3,46,3,"recruits","chrysurus",10,"Algae",0.23248322147651
10,1.9,1.7,1.3,46,3,"recruits","chrysurus",10,"Soft.cor",0.375704989154013
10,1.9,1.7,1.3,46,3,"recruits","chrysurus",10,"Cbranching",0.824761904761905
10,1.9,1.7,1.3,46,3,"recruits","chrysurus",10,"Fbranching",0.368510638297872
10,1.9,1.7,1.3,46,3,"recruits","chrysurus",10,"Mcoral",0.0981303116147309
10,1.9,1.7,1.3,46,3,"recruits","chrysurus",10,"Rubble",2.02404006677796
11,1.5,1,2.28,47,3,"recruits","moluccensis",11,"Pavement",0.671534733441034
11,1.5,1,2.28,47,3,"recruits","moluccensis",11,"Sand",0
11,1.5,1,2.28,47,3,"recruits","moluccensis",11,"Algae",0
11,1.5,1,2.28,47,3,"recruits","moluccensis",11,"Soft.cor",0.225422993492408
11,1.5,1,2.28,47,3,"recruits","moluccensis",11,"Cbranching",0
11,1.5,1,2.28,47,3,"recruits","moluccensis",11,"Fbranching",1.47404255319149
11,1.5,1,2.28,47,3,"recruits","moluccensis",11,"Mcoral",5.69155807365439
11,1.5,1,2.28,47,3,"recruits","moluccensis",11,"Rubble",0.173489148580968
12,1.6,2.6,2.04,49,2,"recruits","amboinensis",12,"Pavement",0.958004905968929
12,1.6,2.6,2.04,49,2,"recruits","amboinensis",12,"Sand",0.527833698030635
12,1.6,2.6,2.04,49,2,"recruits","amboinensis",12,"Algae",0.201520467836257
12,1.6,2.6,2.04,49,2,"recruits","amboinensis",12,"Soft.cor",1.78549222797927
12,1.6,2.6,2.04,49,2,"recruits","amboinensis",12,"Cbranching",0
12,1.6,2.6,2.04,49,2,"recruits","amboinensis",12,"Fbranching",1.82569536423841
12,1.6,2.6,2.04,49,2,"recruits","amboinensis",12,"Mcoral",1.28494915254237
12,1.6,2.6,2.04,49,2,"recruits","amboinensis",12,"Rubble",0.562867513611615
13,1.8,2.1,1.153,52,3,"recruits","amboinensis",13,"Pavement",0.923360258481422
13,1.8,2.1,1.153,52,3,"recruits","amboinensis",13,"Sand",1.27865771812081
13,1.8,2.1,1.153,52,3,"recruits","amboinensis",13,"Algae",0.23248322147651
13,1.8,2.1,1.153,52,3,"recruits","amboinensis",13,"Soft.cor",0.150281995661605
13,1.8,2.1,1.153,52,3,"recruits","amboinensis",13,"Cbranching",0
13,1.8,2.1,1.153,52,3,"recruits","amboinensis",13,"Fbranching",0
13,1.8,2.1,1.153,52,3,"recruits","amboinensis",13,"Mcoral",1.17756373937677
13,1.8,2.1,1.153,52,3,"recruits","amboinensis",13,"Rubble",2.3710183639399
14,1.7,2.6,1.167,54,3,"recruits","amboinensis",14,"Pavement",0.279806138933764
14,1.7,2.6,1.167,54,3,"recruits","amboinensis",14,"Sand",6.85825503355705
14,1.7,2.6,1.167,54,3,"recruits","amboinensis",14,"Algae",0.23248322147651
14,1.7,2.6,1.167,54,3,"recruits","amboinensis",14,"Soft.cor",2.10394793926247
14,1.7,2.6,1.167,54,3,"recruits","amboinensis",14,"Cbranching",0
14,1.7,2.6,1.167,54,3,"recruits","amboinensis",14,"Fbranching",0.122836879432624
14,1.7,2.6,1.167,54,3,"recruits","amboinensis",14,"Mcoral",0
14,1.7,2.6,1.167,54,3,"recruits","amboinensis",14,"Rubble",0.0578297161936561
15,1.7,3.7,1.507,55,2,"recruits","amboinensis",15,"Pavement",0.422649223221586
15,1.7,3.7,1.507,55,2,"recruits","amboinensis",15,"Sand",2.48835886214442
15,1.7,3.7,1.507,55,2,"recruits","amboinensis",15,"Algae",1.00760233918129
15,1.7,3.7,1.507,55,2,"recruits","amboinensis",15,"Soft.cor",0.178549222797927
15,1.7,3.7,1.507,55,2,"recruits","amboinensis",15,"Cbranching",0
15,1.7,3.7,1.507,55,2,"recruits","amboinensis",15,"Fbranching",0.684635761589404
15,1.7,3.7,1.507,55,2,"recruits","amboinensis",15,"Mcoral",0
15,1.7,3.7,1.507,55,2,"recruits","amboinensis",15,"Rubble",2.56417422867514
16,1.7,2.8,1.433,56,2,"recruits","amboinensis",16,"Pavement",0.817121831561733
16,1.7,2.8,1.433,56,2,"recruits","amboinensis",16,"Sand",2.26214442013129
16,1.7,2.8,1.433,56,2,"recruits","amboinensis",16,"Algae",1.4106432748538
16,1.7,2.8,1.433,56,2,"recruits","amboinensis",16,"Soft.cor",0.178549222797927
16,1.7,2.8,1.433,56,2,"recruits","amboinensis",16,"Cbranching",0
16,1.7,2.8,1.433,56,2,"recruits","amboinensis",16,"Fbranching",0.228211920529801
16,1.7,2.8,1.433,56,2,"recruits","amboinensis",16,"Mcoral",1.05132203389831
16,1.7,2.8,1.433,56,2,"recruits","amboinensis",16,"Rubble",1.31335753176044
17,1.7,2.7,2.147,57,2,"recruits","amboinensis",17,"Pavement",1.32430089942764
17,1.7,2.7,2.147,57,2,"recruits","amboinensis",17,"Sand",1.65890590809628
17,1.7,2.7,2.147,57,2,"recruits","amboinensis",17,"Algae",0.201520467836257
17,1.7,2.7,2.147,57,2,"recruits","amboinensis",17,"Soft.cor",0.535647668393782
17,1.7,2.7,2.147,57,2,"recruits","amboinensis",17,"Cbranching",0
17,1.7,2.7,2.147,57,2,"recruits","amboinensis",17,"Fbranching",2.28211920529801
17,1.7,2.7,2.147,57,2,"recruits","amboinensis",17,"Mcoral",1.16813559322034
17,1.7,2.7,2.147,57,2,"recruits","amboinensis",17,"Rubble",0.062540834845735
18,1.5,1.8,1.8,60,3,"recruits","moluccensis",18,"Pavement",1.73479806138934
18,1.5,1.8,1.8,60,3,"recruits","moluccensis",18,"Sand",0.23248322147651
18,1.5,1.8,1.8,60,3,"recruits","moluccensis",18,"Algae",0.69744966442953
18,1.5,1.8,1.8,60,3,"recruits","moluccensis",18,"Soft.cor",0.30056399132321
18,1.5,1.8,1.8,60,3,"recruits","moluccensis",18,"Cbranching",0
18,1.5,1.8,1.8,60,3,"recruits","moluccensis",18,"Fbranching",1.84255319148936
18,1.5,1.8,1.8,60,3,"recruits","moluccensis",18,"Mcoral",0.490651558073654
18,1.5,1.8,1.8,60,3,"recruits","moluccensis",18,"Rubble",0.462637729549249
19,1.6,2.3,1.84,61,3,"recruits","moluccensis",19,"Pavement",0.559612277867528
19,1.6,2.3,1.84,61,3,"recruits","moluccensis",19,"Sand",2.20859060402685
19,1.6,2.3,1.84,61,3,"recruits","moluccensis",19,"Algae",0
19,1.6,2.3,1.84,61,3,"recruits","moluccensis",19,"Soft.cor",1.20225596529284
19,1.6,2.3,1.84,61,3,"recruits","moluccensis",19,"Cbranching",0.412380952380952
19,1.6,2.3,1.84,61,3,"recruits","moluccensis",19,"Fbranching",2.21106382978723
19,1.6,2.3,1.84,61,3,"recruits","moluccensis",19,"Mcoral",1.86447592067989
19,1.6,2.3,1.84,61,3,"recruits","moluccensis",19,"Rubble",0.404808013355593
20,1.7,3.3,1.353,62,3,"recruits","amboinensis",20,"Pavement",0.839418416801292
20,1.7,3.3,1.353,62,3,"recruits","amboinensis",20,"Sand",7.55570469798658
20,1.7,3.3,1.353,62,3,"recruits","amboinensis",20,"Algae",0.46496644295302
20,1.7,3.3,1.353,62,3,"recruits","amboinensis",20,"Soft.cor",0
20,1.7,3.3,1.353,62,3,"recruits","amboinensis",20,"Cbranching",0
20,1.7,3.3,1.353,62,3,"recruits","amboinensis",20,"Fbranching",0.122836879432624
20,1.7,3.3,1.353,62,3,"recruits","amboinensis",20,"Mcoral",0.0981303116147309
20,1.7,3.3,1.353,62,3,"recruits","amboinensis",20,"Rubble",0.0578297161936561
21,1.8,3.2,1.587,63,3,"recruits","amboinensis",21,"Pavement",0.755476575121163
21,1.8,3.2,1.587,63,3,"recruits","amboinensis",21,"Sand",3.95221476510067
21,1.8,3.2,1.587,63,3,"recruits","amboinensis",21,"Algae",0.69744966442953
21,1.8,3.2,1.587,63,3,"recruits","amboinensis",21,"Soft.cor",1.50281995661605
21,1.8,3.2,1.587,63,3,"recruits","amboinensis",21,"Cbranching",0
21,1.8,3.2,1.587,63,3,"recruits","amboinensis",21,"Fbranching",0.614184397163121
21,1.8,3.2,1.587,63,3,"recruits","amboinensis",21,"Mcoral",0.785042492917847
21,1.8,3.2,1.587,63,3,"recruits","amboinensis",21,"Rubble",0.173489148580968
22,1.7,3.3,1.587,64,3,"recruits","amboinensis",22,"Pavement",0.755476575121163
22,1.7,3.3,1.587,64,3,"recruits","amboinensis",22,"Sand",3.95221476510067
22,1.7,3.3,1.587,64,3,"recruits","amboinensis",22,"Algae",0.69744966442953
22,1.7,3.3,1.587,64,3,"recruits","amboinensis",22,"Soft.cor",1.50281995661605
22,1.7,3.3,1.587,64,3,"recruits","amboinensis",22,"Cbranching",0
22,1.7,3.3,1.587,64,3,"recruits","amboinensis",22,"Fbranching",0.614184397163121
22,1.7,3.3,1.587,64,3,"recruits","amboinensis",22,"Mcoral",0.785042492917847
22,1.7,3.3,1.587,64,3,"recruits","amboinensis",22,"Rubble",0.173489148580968
23,1.5,1.7,1.787,65,3,"recruits","moluccensis",23,"Pavement",1.48297253634895
23,1.5,1.7,1.787,65,3,"recruits","moluccensis",23,"Sand",0.46496644295302
23,1.5,1.7,1.787,65,3,"recruits","moluccensis",23,"Algae",1.16241610738255
23,1.5,1.7,1.787,65,3,"recruits","moluccensis",23,"Soft.cor",0.601127982646421
23,1.5,1.7,1.787,65,3,"recruits","moluccensis",23,"Cbranching",0
23,1.5,1.7,1.787,65,3,"recruits","moluccensis",23,"Fbranching",1.10553191489362
23,1.5,1.7,1.787,65,3,"recruits","moluccensis",23,"Mcoral",0.490651558073654
23,1.5,1.7,1.787,65,3,"recruits","moluccensis",23,"Rubble",0.925275459098498
24,1.8,2.4,1.36,67,2,"recruits","amboinensis",24,"Pavement",1.07071136549469
24,1.8,2.4,1.36,67,2,"recruits","amboinensis",24,"Sand",1.73431072210066
24,1.8,2.4,1.36,67,2,"recruits","amboinensis",24,"Algae",0
24,1.8,2.4,1.36,67,2,"recruits","amboinensis",24,"Soft.cor",0.357098445595855
24,1.8,2.4,1.36,67,2,"recruits","amboinensis",24,"Cbranching",0
24,1.8,2.4,1.36,67,2,"recruits","amboinensis",24,"Fbranching",0.912847682119205
24,1.8,2.4,1.36,67,2,"recruits","amboinensis",24,"Mcoral",1.05132203389831
24,1.8,2.4,1.36,67,2,"recruits","amboinensis",24,"Rubble",1.2508166969147
25,1.8,2.4,1.22,69,2,"recruits","amboinensis",25,"Pavement",0.253589533932952
25,1.8,2.4,1.22,69,2,"recruits","amboinensis",25,"Sand",3.92105032822757
25,1.8,2.4,1.22,69,2,"recruits","amboinensis",25,"Algae",0
25,1.8,2.4,1.22,69,2,"recruits","amboinensis",25,"Soft.cor",1.07129533678756
25,1.8,2.4,1.22,69,2,"recruits","amboinensis",25,"Cbranching",0
25,1.8,2.4,1.22,69,2,"recruits","amboinensis",25,"Fbranching",0
25,1.8,2.4,1.22,69,2,"recruits","amboinensis",25,"Mcoral",1.63538983050847
25,1.8,2.4,1.22,69,2,"recruits","amboinensis",25,"Rubble",0.312704174228675
26,1.9,2.1,1.487,70,2,"recruits","chrysurus",26,"Pavement",1.57789043336059
26,1.9,2.1,1.487,70,2,"recruits","chrysurus",26,"Sand",0.226214442013129
26,1.9,2.1,1.487,70,2,"recruits","chrysurus",26,"Algae",0.806081871345029
26,1.9,2.1,1.487,70,2,"recruits","chrysurus",26,"Soft.cor",0.178549222797927
26,1.9,2.1,1.487,70,2,"recruits","chrysurus",26,"Cbranching",0
26,1.9,2.1,1.487,70,2,"recruits","chrysurus",26,"Fbranching",0.228211920529801
26,1.9,2.1,1.487,70,2,"recruits","chrysurus",26,"Mcoral",1.98583050847458
26,1.9,2.1,1.487,70,2,"recruits","chrysurus",26,"Rubble",0.813030852994555
27,1.7,2.3,2.033,71,2,"recruits","amboinensis",27,"Pavement",1.32430089942764
27,1.7,2.3,2.033,71,2,"recruits","amboinensis",27,"Sand",0.377024070021882
27,1.7,2.3,2.033,71,2,"recruits","amboinensis",27,"Algae",1.00760233918129
27,1.7,2.3,2.033,71,2,"recruits","amboinensis",27,"Soft.cor",0.71419689119171
27,1.7,2.3,2.033,71,2,"recruits","amboinensis",27,"Cbranching",0
27,1.7,2.3,2.033,71,2,"recruits","amboinensis",27,"Fbranching",0
27,1.7,2.3,2.033,71,2,"recruits","amboinensis",27,"Mcoral",1.98583050847458
27,1.7,2.3,2.033,71,2,"recruits","amboinensis",27,"Rubble",0.87557168784029
28,1.6,2.8,1.127,72,2,"recruits","amboinensis",28,"Pavement",0.169059689288635
28,1.6,2.8,1.127,72,2,"recruits","amboinensis",28,"Sand",4.90131291028446
28,1.6,2.8,1.127,72,2,"recruits","amboinensis",28,"Algae",0
28,1.6,2.8,1.127,72,2,"recruits","amboinensis",28,"Soft.cor",0
28,1.6,2.8,1.127,72,2,"recruits","amboinensis",28,"Cbranching",0
28,1.6,2.8,1.127,72,2,"recruits","amboinensis",28,"Fbranching",0
28,1.6,2.8,1.127,72,2,"recruits","amboinensis",28,"Mcoral",1.98583050847458
28,1.6,2.8,1.127,72,2,"recruits","amboinensis",28,"Rubble",0.75049001814882
29,1.8,2.9,2.02,73,2,"recruits","amboinensis",29,"Pavement",1.23977105478332
29,1.8,2.9,2.02,73,2,"recruits","amboinensis",29,"Sand",0.226214442013129
29,1.8,2.9,2.02,73,2,"recruits","amboinensis",29,"Algae",0.201520467836257
29,1.8,2.9,2.02,73,2,"recruits","amboinensis",29,"Soft.cor",1.78549222797927
29,1.8,2.9,2.02,73,2,"recruits","amboinensis",29,"Cbranching",0
29,1.8,2.9,2.02,73,2,"recruits","amboinensis",29,"Fbranching",0
29,1.8,2.9,2.02,73,2,"recruits","amboinensis",29,"Mcoral",1.40176271186441
29,1.8,2.9,2.02,73,2,"recruits","amboinensis",29,"Rubble",0.62540834845735
30,1.6,2.7,1.42,74,2,"recruits","amboinensis",30,"Pavement",0.873475061324612
30,1.6,2.7,1.42,74,2,"recruits","amboinensis",30,"Sand",2.5637636761488
30,1.6,2.7,1.42,74,2,"recruits","amboinensis",30,"Algae",0.403040935672515
30,1.6,2.7,1.42,74,2,"recruits","amboinensis",30,"Soft.cor",0.357098445595855
30,1.6,2.7,1.42,74,2,"recruits","amboinensis",30,"Cbranching",0
30,1.6,2.7,1.42,74,2,"recruits","amboinensis",30,"Fbranching",0
30,1.6,2.7,1.42,74,2,"recruits","amboinensis",30,"Mcoral",0.58406779661017
30,1.6,2.7,1.42,74,2,"recruits","amboinensis",30,"Rubble",1.37589836660617
31,1.6,2,1.633,75,2,"recruits","moluccensis",31,"Pavement",0.422649223221586
31,1.6,2,1.633,75,2,"recruits","moluccensis",31,"Sand",0.0754048140043764
31,1.6,2,1.633,75,2,"recruits","moluccensis",31,"Algae",0
31,1.6,2,1.633,75,2,"recruits","moluccensis",31,"Soft.cor",0.178549222797927
31,1.6,2,1.633,75,2,"recruits","moluccensis",31,"Cbranching",0
31,1.6,2,1.633,75,2,"recruits","moluccensis",31,"Fbranching",3.42317880794702
31,1.6,2,1.633,75,2,"recruits","moluccensis",31,"Mcoral",6.07430508474576
31,1.6,2,1.633,75,2,"recruits","moluccensis",31,"Rubble",0.87557168784029
32,1.6,3.2,1.6,77,3,"recruits","moluccensis",32,"Pavement",0.671534733441034
32,1.6,3.2,1.6,77,3,"recruits","moluccensis",32,"Sand",2.67355704697987
32,1.6,3.2,1.6,77,3,"recruits","moluccensis",32,"Algae",0
32,1.6,3.2,1.6,77,3,"recruits","moluccensis",32,"Soft.cor",0.0751409978308026
32,1.6,3.2,1.6,77,3,"recruits","moluccensis",32,"Cbranching",0
32,1.6,3.2,1.6,77,3,"recruits","moluccensis",32,"Fbranching",1.47404255319149
32,1.6,3.2,1.6,77,3,"recruits","moluccensis",32,"Mcoral",3.53269121813031
32,1.6,3.2,1.6,77,3,"recruits","moluccensis",32,"Rubble",0.231318864774624
33,1.7,3.1,1.553,78,3,"recruits","amboinensis",33,"Pavement",0.78345718901454
33,1.7,3.1,1.553,78,3,"recruits","amboinensis",33,"Sand",5.6958389261745
33,1.7,3.1,1.553,78,3,"recruits","amboinensis",33,"Algae",0.46496644295302
33,1.7,3.1,1.553,78,3,"recruits","amboinensis",33,"Soft.cor",0
33,1.7,3.1,1.553,78,3,"recruits","amboinensis",33,"Cbranching",0
33,1.7,3.1,1.553,78,3,"recruits","amboinensis",33,"Fbranching",0
33,1.7,3.1,1.553,78,3,"recruits","amboinensis",33,"Mcoral",0.490651558073654
33,1.7,3.1,1.553,78,3,"recruits","amboinensis",33,"Rubble",0.925275459098498
34,1.6,3.1,1.553,79,3,"recruits","amboinensis",34,"Pavement",0.78345718901454
34,1.6,3.1,1.553,79,3,"recruits","amboinensis",34,"Sand",5.6958389261745
34,1.6,3.1,1.553,79,3,"recruits","amboinensis",34,"Algae",0.46496644295302
34,1.6,3.1,1.553,79,3,"recruits","amboinensis",34,"Soft.cor",0
34,1.6,3.1,1.553,79,3,"recruits","amboinensis",34,"Cbranching",0
34,1.6,3.1,1.553,79,3,"recruits","amboinensis",34,"Fbranching",0
34,1.6,3.1,1.553,79,3,"recruits","amboinensis",34,"Mcoral",0.490651558073654
34,1.6,3.1,1.553,79,3,"recruits","amboinensis",34,"Rubble",0.925275459098498
35,1.6,1.7,1.867,80,3,"recruits","moluccensis",35,"Pavement",1.00730210016155
35,1.6,1.7,1.867,80,3,"recruits","moluccensis",35,"Sand",0.116241610738255
35,1.6,1.7,1.867,80,3,"recruits","moluccensis",35,"Algae",0
35,1.6,1.7,1.867,80,3,"recruits","moluccensis",35,"Soft.cor",2.7802169197397
35,1.6,1.7,1.867,80,3,"recruits","moluccensis",35,"Cbranching",0
35,1.6,1.7,1.867,80,3,"recruits","moluccensis",35,"Fbranching",1.22836879432624
35,1.6,1.7,1.867,80,3,"recruits","moluccensis",35,"Mcoral",1.2756940509915
35,1.6,1.7,1.867,80,3,"recruits","moluccensis",35,"Rubble",0.115659432387312
36,1.6,2,1.833,81,3,"recruits","moluccensis",36,"Pavement",0.923360258481422
36,1.6,2,1.833,81,3,"recruits","moluccensis",36,"Sand",0.23248322147651
36,1.6,2,1.833,81,3,"recruits","moluccensis",36,"Algae",0
36,1.6,2,1.833,81,3,"recruits","moluccensis",36,"Soft.cor",2.02880694143167
36,1.6,2,1.833,81,3,"recruits","moluccensis",36,"Cbranching",0
36,1.6,2,1.833,81,3,"recruits","moluccensis",36,"Fbranching",2.70241134751773
36,1.6,2,1.833,81,3,"recruits","moluccensis",36,"Mcoral",1.17756373937677
36,1.6,2,1.833,81,3,"recruits","moluccensis",36,"Rubble",0.115659432387312
37,1.6,1.4,1.66,82,3,"recruits","moluccensis",37,"Pavement",1.5389337641357
37,1.6,1.4,1.66,82,3,"recruits","moluccensis",37,"Sand",0
37,1.6,1.4,1.66,82,3,"recruits","moluccensis",37,"Algae",0.69744966442953
37,1.6,1.4,1.66,82,3,"recruits","moluccensis",37,"Soft.cor",0
37,1.6,1.4,1.66,82,3,"recruits","moluccensis",37,"Cbranching",0
37,1.6,1.4,1.66,82,3,"recruits","moluccensis",37,"Fbranching",3.31659574468085
37,1.6,1.4,1.66,82,3,"recruits","moluccensis",37,"Mcoral",0.294390934844193
37,1.6,1.4,1.66,82,3,"recruits","moluccensis",37,"Rubble",0.578297161936561
38,1.6,1.6,1.713,83,3,"recruits","moluccensis",38,"Pavement",0.503651050080775
38,1.6,1.6,1.713,83,3,"recruits","moluccensis",38,"Sand",0.23248322147651
38,1.6,1.6,1.713,83,3,"recruits","moluccensis",38,"Algae",0.23248322147651
38,1.6,1.6,1.713,83,3,"recruits","moluccensis",38,"Soft.cor",2.17908893709328
38,1.6,1.6,1.713,83,3,"recruits","moluccensis",38,"Cbranching",0
38,1.6,1.6,1.713,83,3,"recruits","moluccensis",38,"Fbranching",1.84255319148936
38,1.6,1.6,1.713,83,3,"recruits","moluccensis",38,"Mcoral",0.490651558073654
38,1.6,1.6,1.713,83,3,"recruits","moluccensis",38,"Rubble",0.925275459098498
39,1.5,1.6,1.713,84,3,"recruits","moluccensis",39,"Pavement",0.503651050080775
39,1.5,1.6,1.713,84,3,"recruits","moluccensis",39,"Sand",0.23248322147651
39,1.5,1.6,1.713,84,3,"recruits","moluccensis",39,"Algae",0.23248322147651
39,1.5,1.6,1.713,84,3,"recruits","moluccensis",39,"Soft.cor",2.17908893709328
39,1.5,1.6,1.713,84,3,"recruits","moluccensis",39,"Cbranching",0
39,1.5,1.6,1.713,84,3,"recruits","moluccensis",39,"Fbranching",1.84255319148936
39,1.5,1.6,1.713,84,3,"recruits","moluccensis",39,"Mcoral",0.490651558073654
39,1.5,1.6,1.713,84,3,"recruits","moluccensis",39,"Rubble",0.925275459098498
40,1.4,2.5,2.207,85,3,"recruits","moluccensis",40,"Pavement",0.727495961227787
40,1.4,2.5,2.207,85,3,"recruits","moluccensis",40,"Sand",1.51114093959732
40,1.4,2.5,2.207,85,3,"recruits","moluccensis",40,"Algae",0
40,1.4,2.5,2.207,85,3,"recruits","moluccensis",40,"Soft.cor",0.826550976138829
40,1.4,2.5,2.207,85,3,"recruits","moluccensis",40,"Cbranching",0
40,1.4,2.5,2.207,85,3,"recruits","moluccensis",40,"Fbranching",2.57957446808511
40,1.4,2.5,2.207,85,3,"recruits","moluccensis",40,"Mcoral",2.15886685552408
40,1.4,2.5,2.207,85,3,"recruits","moluccensis",40,"Rubble",0.346978297161937
41,1.5,3,1.407,86,3,"recruits","moluccensis",41,"Pavement",0.503651050080775
41,1.5,3,1.407,86,3,"recruits","moluccensis",41,"Sand",0.813691275167785
41,1.5,3,1.407,86,3,"recruits","moluccensis",41,"Algae",0.23248322147651
41,1.5,3,1.407,86,3,"recruits","moluccensis",41,"Soft.cor",0.826550976138829
41,1.5,3,1.407,86,3,"recruits","moluccensis",41,"Cbranching",0
41,1.5,3,1.407,86,3,"recruits","moluccensis",41,"Fbranching",0.368510638297872
41,1.5,3,1.407,86,3,"recruits","moluccensis",41,"Mcoral",1.07943342776204
41,1.5,3,1.407,86,3,"recruits","moluccensis",41,"Rubble",2.77582637729549
42,1.4,2.6,1.807,87,3,"recruits","moluccensis",42,"Pavement",1.39903069466882
42,1.4,2.6,1.807,87,3,"recruits","moluccensis",42,"Sand",0
42,1.4,2.6,1.807,87,3,"recruits","moluccensis",42,"Algae",0.23248322147651
42,1.4,2.6,1.807,87,3,"recruits","moluccensis",42,"Soft.cor",0
42,1.4,2.6,1.807,87,3,"recruits","moluccensis",42,"Cbranching",0.412380952380952
42,1.4,2.6,1.807,87,3,"recruits","moluccensis",42,"Fbranching",1.59687943262411
42,1.4,2.6,1.807,87,3,"recruits","moluccensis",42,"Mcoral",3.14016997167139
42,1.4,2.6,1.807,87,3,"recruits","moluccensis",42,"Rubble",0
43,1.6,1.2,1.993,88,3,"recruits","moluccensis",43,"Pavement",1.34306946688207
43,1.6,1.2,1.993,88,3,"recruits","moluccensis",43,"Sand",1.74362416107383
43,1.6,1.2,1.993,88,3,"recruits","moluccensis",43,"Algae",0
43,1.6,1.2,1.993,88,3,"recruits","moluccensis",43,"Soft.cor",0
43,1.6,1.2,1.993,88,3,"recruits","moluccensis",43,"Cbranching",0
43,1.6,1.2,1.993,88,3,"recruits","moluccensis",43,"Fbranching",2.70241134751773
43,1.6,1.2,1.993,88,3,"recruits","moluccensis",43,"Mcoral",0.686912181303116
43,1.6,1.2,1.993,88,3,"recruits","moluccensis",43,"Rubble",0.346978297161937
44,1.5,1.2,1.993,89,3,"recruits","moluccensis",44,"Pavement",1.34306946688207
44,1.5,1.2,1.993,89,3,"recruits","moluccensis",44,"Sand",1.74362416107383
44,1.5,1.2,1.993,89,3,"recruits","moluccensis",44,"Algae",0
44,1.5,1.2,1.993,89,3,"recruits","moluccensis",44,"Soft.cor",0
44,1.5,1.2,1.993,89,3,"recruits","moluccensis",44,"Cbranching",0
44,1.5,1.2,1.993,89,3,"recruits","moluccensis",44,"Fbranching",2.70241134751773
44,1.5,1.2,1.993,89,3,"recruits","moluccensis",44,"Mcoral",0.686912181303116
44,1.5,1.2,1.993,89,3,"recruits","moluccensis",44,"Rubble",0.346978297161937
45,1.6,1.2,1.993,90,3,"recruits","moluccensis",45,"Pavement",1.34306946688207
45,1.6,1.2,1.993,90,3,"recruits","moluccensis",45,"Sand",1.74362416107383
45,1.6,1.2,1.993,90,3,"recruits","moluccensis",45,"Algae",0
45,1.6,1.2,1.993,90,3,"recruits","moluccensis",45,"Soft.cor",0
45,1.6,1.2,1.993,90,3,"recruits","moluccensis",45,"Cbranching",0
45,1.6,1.2,1.993,90,3,"recruits","moluccensis",45,"Fbranching",2.70241134751773
45,1.6,1.2,1.993,90,3,"recruits","moluccensis",45,"Mcoral",0.686912181303116
45,1.6,1.2,1.993,90,3,"recruits","moluccensis",45,"Rubble",0.346978297161937
46,1.7,1.2,1.993,91,3,"recruits","moluccensis",46,"Pavement",1.34306946688207
46,1.7,1.2,1.993,91,3,"recruits","moluccensis",46,"Sand",1.74362416107383
46,1.7,1.2,1.993,91,3,"recruits","moluccensis",46,"Algae",0
46,1.7,1.2,1.993,91,3,"recruits","moluccensis",46,"Soft.cor",0
46,1.7,1.2,1.993,91,3,"recruits","moluccensis",46,"Cbranching",0
46,1.7,1.2,1.993,91,3,"recruits","moluccensis",46,"Fbranching",2.70241134751773
46,1.7,1.2,1.993,91,3,"recruits","moluccensis",46,"Mcoral",0.686912181303116
46,1.7,1.2,1.993,91,3,"recruits","moluccensis",46,"Rubble",0.346978297161937
47,1.6,3,1.72,93,3,"recruits","amboinensis",47,"Pavement",0.615573505654281
47,1.6,3,1.72,93,3,"recruits","amboinensis",47,"Sand",2.67355704697987
47,1.6,3,1.72,93,3,"recruits","amboinensis",47,"Algae",0
47,1.6,3,1.72,93,3,"recruits","amboinensis",47,"Soft.cor",0.150281995661605
47,1.6,3,1.72,93,3,"recruits","amboinensis",47,"Cbranching",0
47,1.6,3,1.72,93,3,"recruits","amboinensis",47,"Fbranching",1.71971631205674
47,1.6,3,1.72,93,3,"recruits","amboinensis",47,"Mcoral",2.94390934844193
47,1.6,3,1.72,93,3,"recruits","amboinensis",47,"Rubble",0.520467445742905
48,1.6,3.2,1.793,94,2,"recruits","moluccensis",48,"Pavement",0.30994276369583
48,1.6,3.2,1.793,94,2,"recruits","moluccensis",48,"Sand",1.96052516411379
48,1.6,3.2,1.793,94,2,"recruits","moluccensis",48,"Algae",0.806081871345029
48,1.6,3.2,1.793,94,2,"recruits","moluccensis",48,"Soft.cor",1.78549222797927
48,1.6,3.2,1.793,94,2,"recruits","moluccensis",48,"Cbranching",0
48,1.6,3.2,1.793,94,2,"recruits","moluccensis",48,"Fbranching",2.73854304635762
48,1.6,3.2,1.793,94,2,"recruits","moluccensis",48,"Mcoral",1.51857627118644
48,1.6,3.2,1.793,94,2,"recruits","moluccensis",48,"Rubble",0.25016333938294
49,1.6,3.2,1.793,95,2,"recruits","amboinensis",49,"Pavement",0.30994276369583
49,1.6,3.2,1.793,95,2,"recruits","amboinensis",49,"Sand",1.96052516411379
49,1.6,3.2,1.793,95,2,"recruits","amboinensis",49,"Algae",0.806081871345029
49,1.6,3.2,1.793,95,2,"recruits","amboinensis",49,"Soft.cor",1.78549222797927
49,1.6,3.2,1.793,95,2,"recruits","amboinensis",49,"Cbranching",0
49,1.6,3.2,1.793,95,2,"recruits","amboinensis",49,"Fbranching",2.73854304635762
49,1.6,3.2,1.793,95,2,"recruits","amboinensis",49,"Mcoral",1.51857627118644
49,1.6,3.2,1.793,95,2,"recruits","amboinensis",49,"Rubble",0.25016333938294
50,1.7,3,1.333,96,2,"recruits","amboinensis",50,"Pavement",0.479002452984464
50,1.7,3,1.333,96,2,"recruits","amboinensis",50,"Sand",2.48835886214442
50,1.7,3,1.333,96,2,"recruits","amboinensis",50,"Algae",0
50,1.7,3,1.333,96,2,"recruits","amboinensis",50,"Soft.cor",1.54742659758204
50,1.7,3,1.333,96,2,"recruits","amboinensis",50,"Cbranching",0
50,1.7,3,1.333,96,2,"recruits","amboinensis",50,"Fbranching",0
50,1.7,3,1.333,96,2,"recruits","amboinensis",50,"Mcoral",0
50,1.7,3,1.333,96,2,"recruits","amboinensis",50,"Rubble",1.50098003629764
51,1.5,2.2,2.033,97,2,"recruits","moluccensis",51,"Pavement",0.958004905968929
51,1.5,2.2,2.033,97,2,"recruits","moluccensis",51,"Sand",0
51,1.5,2.2,2.033,97,2,"recruits","moluccensis",51,"Algae",0.403040935672515
51,1.5,2.2,2.033,97,2,"recruits","moluccensis",51,"Soft.cor",0.773713298791019
51,1.5,2.2,2.033,97,2,"recruits","moluccensis",51,"Cbranching",0
51,1.5,2.2,2.033,97,2,"recruits","moluccensis",51,"Fbranching",6.16172185430464
51,1.5,2.2,2.033,97,2,"recruits","moluccensis",51,"Mcoral",1.05132203389831
51,1.5,2.2,2.033,97,2,"recruits","moluccensis",51,"Rubble",0.62540834845735
52,1.6,2.2,2.033,98,2,"recruits","moluccensis",52,"Pavement",0.958004905968929
52,1.6,2.2,2.033,98,2,"recruits","moluccensis",52,"Sand",0
52,1.6,2.2,2.033,98,2,"recruits","moluccensis",52,"Algae",0.403040935672515
52,1.6,2.2,2.033,98,2,"recruits","moluccensis",52,"Soft.cor",0.773713298791019
52,1.6,2.2,2.033,98,2,"recruits","moluccensis",52,"Cbranching",0
52,1.6,2.2,2.033,98,2,"recruits","moluccensis",52,"Fbranching",6.16172185430464
52,1.6,2.2,2.033,98,2,"recruits","moluccensis",52,"Mcoral",1.05132203389831
52,1.6,2.2,2.033,98,2,"recruits","moluccensis",52,"Rubble",0.62540834845735
53,1.5,2.9,1.553,99,2,"recruits","moluccensis",53,"Pavement",0.958004905968929
53,1.5,2.9,1.553,99,2,"recruits","moluccensis",53,"Sand",0.377024070021882
53,1.5,2.9,1.553,99,2,"recruits","moluccensis",53,"Algae",0.604561403508772
53,1.5,2.9,1.553,99,2,"recruits","moluccensis",53,"Soft.cor",0.654680483592401
53,1.5,2.9,1.553,99,2,"recruits","moluccensis",53,"Cbranching",0
53,1.5,2.9,1.553,99,2,"recruits","moluccensis",53,"Fbranching",2.73854304635762
53,1.5,2.9,1.553,99,2,"recruits","moluccensis",53,"Mcoral",0.233627118644068
53,1.5,2.9,1.553,99,2,"recruits","moluccensis",53,"Rubble",2.06384754990926
54,1.3,2.9,1.627,100,2,"recruits","moluccensis",54,"Pavement",0.873475061324612
54,1.3,2.9,1.627,100,2,"recruits","moluccensis",54,"Sand",0.754048140043764
54,1.3,2.9,1.627,100,2,"recruits","moluccensis",54,"Algae",1.61216374269006
54,1.3,2.9,1.627,100,2,"recruits","moluccensis",54,"Soft.cor",0.119032815198618
54,1.3,2.9,1.627,100,2,"recruits","moluccensis",54,"Cbranching",0
54,1.3,2.9,1.627,100,2,"recruits","moluccensis",54,"Fbranching",4.10781456953642
54,1.3,2.9,1.627,100,2,"recruits","moluccensis",54,"Mcoral",0.817694915254237
54,1.3,2.9,1.627,100,2,"recruits","moluccensis",54,"Rubble",1.43843920145191
55,1.6,2.6,1.607,101,2,"recruits","moluccensis",55,"Pavement",0.422649223221586
55,1.6,2.6,1.607,101,2,"recruits","moluccensis",55,"Sand",1.5835010940919
55,1.6,2.6,1.607,101,2,"recruits","moluccensis",55,"Algae",0
55,1.6,2.6,1.607,101,2,"recruits","moluccensis",55,"Soft.cor",1.60694300518135
55,1.6,2.6,1.607,101,2,"recruits","moluccensis",55,"Cbranching",0
55,1.6,2.6,1.607,101,2,"recruits","moluccensis",55,"Fbranching",2.73854304635762
55,1.6,2.6,1.607,101,2,"recruits","moluccensis",55,"Mcoral",0
55,1.6,2.6,1.607,101,2,"recruits","moluccensis",55,"Rubble",1.56352087114338
56,1.9,2.8,1.5,104,2,"recruits","chrysurus",56,"Pavement",1.2961242845462
56,1.9,2.8,1.5,104,2,"recruits","chrysurus",56,"Sand",0.527833698030635
56,1.9,2.8,1.5,104,2,"recruits","chrysurus",56,"Algae",0.604561403508772
56,1.9,2.8,1.5,104,2,"recruits","chrysurus",56,"Soft.cor",0.416614853195164
56,1.9,2.8,1.5,104,2,"recruits","chrysurus",56,"Cbranching",0
56,1.9,2.8,1.5,104,2,"recruits","chrysurus",56,"Fbranching",1.36927152317881
56,1.9,2.8,1.5,104,2,"recruits","chrysurus",56,"Mcoral",1.86901694915254
56,1.9,2.8,1.5,104,2,"recruits","chrysurus",56,"Rubble",0.938112522686025
57,1.7,2.4,1.34,105,2,"recruits","chrysurus",57,"Pavement",0.535355682747343
57,1.7,2.4,1.34,105,2,"recruits","chrysurus",57,"Sand",2.11133479212254
57,1.7,2.4,1.34,105,2,"recruits","chrysurus",57,"Algae",0
57,1.7,2.4,1.34,105,2,"recruits","chrysurus",57,"Soft.cor",0.119032815198618
57,1.7,2.4,1.34,105,2,"recruits","chrysurus",57,"Cbranching",0
57,1.7,2.4,1.34,105,2,"recruits","chrysurus",57,"Fbranching",0.228211920529801
57,1.7,2.4,1.34,105,2,"recruits","chrysurus",57,"Mcoral",1.05132203389831
57,1.7,2.4,1.34,105,2,"recruits","chrysurus",57,"Rubble",2.43909255898367
58,2,2.2,1.167,106,2,"recruits","chrysurus",58,"Pavement",0.450825838103025
58,2,2.2,1.167,106,2,"recruits","chrysurus",58,"Sand",1.2818818380744
58,2,2.2,1.167,106,2,"recruits","chrysurus",58,"Algae",0
58,2,2.2,1.167,106,2,"recruits","chrysurus",58,"Soft.cor",0.178549222797927
58,2,2.2,1.167,106,2,"recruits","chrysurus",58,"Cbranching",0
58,2,2.2,1.167,106,2,"recruits","chrysurus",58,"Fbranching",0
58,2,2.2,1.167,106,2,"recruits","chrysurus",58,"Mcoral",0
58,2,2.2,1.167,106,2,"recruits","chrysurus",58,"Rubble",4.00261343012704
59,1.7,2.2,1.32,109,3,"recruits","amboinensis",59,"Pavement",0.251825525040388
59,1.7,2.2,1.32,109,3,"recruits","amboinensis",59,"Sand",8.60187919463087
59,1.7,2.2,1.32,109,3,"recruits","amboinensis",59,"Algae",0.23248322147651
59,1.7,2.2,1.32,109,3,"recruits","amboinensis",59,"Soft.cor",0
59,1.7,2.2,1.32,109,3,"recruits","amboinensis",59,"Cbranching",0.412380952380952
59,1.7,2.2,1.32,109,3,"recruits","amboinensis",59,"Fbranching",1.59687943262411
59,1.7,2.2,1.32,109,3,"recruits","amboinensis",59,"Mcoral",0
59,1.7,2.2,1.32,109,3,"recruits","amboinensis",59,"Rubble",0.115659432387312
60,1.7,2.7,1.54,111,3,"recruits","amboinensis",60,"Pavement",0.867399030694669
60,1.7,2.7,1.54,111,3,"recruits","amboinensis",60,"Sand",1.62738255033557
60,1.7,2.7,1.54,111,3,"recruits","amboinensis",60,"Algae",0
60,1.7,2.7,1.54,111,3,"recruits","amboinensis",60,"Soft.cor",0.150281995661605
60,1.7,2.7,1.54,111,3,"recruits","amboinensis",60,"Cbranching",0
60,1.7,2.7,1.54,111,3,"recruits","amboinensis",60,"Fbranching",1.22836879432624
60,1.7,2.7,1.54,111,3,"recruits","amboinensis",60,"Mcoral",2.94390934844193
60,1.7,2.7,1.54,111,3,"recruits","amboinensis",60,"Rubble",0.636126878130217
61,1.7,3.1,1.207,112,3,"recruits","amboinensis",61,"Pavement",0.811437802907916
61,1.7,3.1,1.207,112,3,"recruits","amboinensis",61,"Sand",5.34711409395973
61,1.7,3.1,1.207,112,3,"recruits","amboinensis",61,"Algae",0
61,1.7,3.1,1.207,112,3,"recruits","amboinensis",61,"Soft.cor",0.0751409978308026
61,1.7,3.1,1.207,112,3,"recruits","amboinensis",61,"Cbranching",0
61,1.7,3.1,1.207,112,3,"recruits","amboinensis",61,"Fbranching",0.368510638297872
61,1.7,3.1,1.207,112,3,"recruits","amboinensis",61,"Mcoral",0.196260623229462
61,1.7,3.1,1.207,112,3,"recruits","amboinensis",61,"Rubble",1.09876460767947
62,1.6,3.1,1.207,113,3,"recruits","amboinensis",62,"Pavement",0.811437802907916
62,1.6,3.1,1.207,113,3,"recruits","amboinensis",62,"Sand",5.34711409395973
62,1.6,3.1,1.207,113,3,"recruits","amboinensis",62,"Algae",0
62,1.6,3.1,1.207,113,3,"recruits","amboinensis",62,"Soft.cor",0.0751409978308026
62,1.6,3.1,1.207,113,3,"recruits","amboinensis",62,"Cbranching",0
62,1.6,3.1,1.207,113,3,"recruits","amboinensis",62,"Fbranching",0.368510638297872
62,1.6,3.1,1.207,113,3,"recruits","amboinensis",62,"Mcoral",0.196260623229462
62,1.6,3.1,1.207,113,3,"recruits","amboinensis",62,"Rubble",1.09876460767947
63,1.6,3,1.76,114,3,"recruits","amboinensis",63,"Pavement",0.307786752827141
63,1.6,3,1.76,114,3,"recruits","amboinensis",63,"Sand",0.69744966442953
63,1.6,3,1.76,114,3,"recruits","amboinensis",63,"Algae",0.23248322147651
63,1.6,3,1.76,114,3,"recruits","amboinensis",63,"Soft.cor",3.08078091106291
63,1.6,3,1.76,114,3,"recruits","amboinensis",63,"Cbranching",0
63,1.6,3,1.76,114,3,"recruits","amboinensis",63,"Fbranching",2.94808510638298
63,1.6,3,1.76,114,3,"recruits","amboinensis",63,"Mcoral",0.0981303116147309
63,1.6,3,1.76,114,3,"recruits","amboinensis",63,"Rubble",0.925275459098498
64,1.7,3.4,1.973,115,3,"recruits","amboinensis",64,"Pavement",0.0279806138933764
64,1.7,3.4,1.973,115,3,"recruits","amboinensis",64,"Sand",1.51114093959732
64,1.7,3.4,1.973,115,3,"recruits","amboinensis",64,"Algae",0
64,1.7,3.4,1.973,115,3,"recruits","amboinensis",64,"Soft.cor",5.48529284164859
64,1.7,3.4,1.973,115,3,"recruits","amboinensis",64,"Cbranching",0
64,1.7,3.4,1.973,115,3,"recruits","amboinensis",64,"Fbranching",0
64,1.7,3.4,1.973,115,3,"recruits","amboinensis",64,"Mcoral",0
64,1.7,3.4,1.973,115,3,"recruits","amboinensis",64,"Rubble",0.751786310517529
65,1.6,2.5,1.667,116,2,"recruits","moluccensis",65,"Pavement",0.140883074407195
65,1.6,2.5,1.667,116,2,"recruits","moluccensis",65,"Sand",0
65,1.6,2.5,1.667,116,2,"recruits","moluccensis",65,"Algae",0
65,1.6,2.5,1.667,116,2,"recruits","moluccensis",65,"Soft.cor",5.11841105354059
65,1.6,2.5,1.667,116,2,"recruits","moluccensis",65,"Cbranching",0
65,1.6,2.5,1.667,116,2,"recruits","moluccensis",65,"Fbranching",0.684635761589404
65,1.6,2.5,1.667,116,2,"recruits","moluccensis",65,"Mcoral",0.58406779661017
65,1.6,2.5,1.667,116,2,"recruits","moluccensis",65,"Rubble",0
66,1.5,2.5,1.667,117,2,"recruits","moluccensis",66,"Pavement",0.140883074407195
66,1.5,2.5,1.667,117,2,"recruits","moluccensis",66,"Sand",0
66,1.5,2.5,1.667,117,2,"recruits","moluccensis",66,"Algae",0
66,1.5,2.5,1.667,117,2,"recruits","moluccensis",66,"Soft.cor",5.11841105354059
66,1.5,2.5,1.667,117,2,"recruits","moluccensis",66,"Cbranching",0
66,1.5,2.5,1.667,117,2,"recruits","moluccensis",66,"Fbranching",0.684635761589404
66,1.5,2.5,1.667,117,2,"recruits","moluccensis",66,"Mcoral",0.58406779661017
66,1.5,2.5,1.667,117,2,"recruits","moluccensis",66,"Rubble",0
67,1.7,2.7,1.4,118,2,"recruits","amboinensis",67,"Pavement",1.07071136549469
67,1.7,2.7,1.4,118,2,"recruits","amboinensis",67,"Sand",2.41295404814004
67,1.7,2.7,1.4,118,2,"recruits","amboinensis",67,"Algae",0
67,1.7,2.7,1.4,118,2,"recruits","amboinensis",67,"Soft.cor",0.0595164075993092
67,1.7,2.7,1.4,118,2,"recruits","amboinensis",67,"Cbranching",0
67,1.7,2.7,1.4,118,2,"recruits","amboinensis",67,"Fbranching",2.96675496688742
67,1.7,2.7,1.4,118,2,"recruits","amboinensis",67,"Mcoral",0.350440677966102
67,1.7,2.7,1.4,118,2,"recruits","amboinensis",67,"Rubble",0.813030852994555
68,1.6,2.7,1.4,119,2,"recruits","moluccensis",68,"Pavement",1.07071136549469
68,1.6,2.7,1.4,119,2,"recruits","moluccensis",68,"Sand",2.41295404814004
68,1.6,2.7,1.4,119,2,"recruits","moluccensis",68,"Algae",0
68,1.6,2.7,1.4,119,2,"recruits","moluccensis",68,"Soft.cor",0.0595164075993092
68,1.6,2.7,1.4,119,2,"recruits","moluccensis",68,"Cbranching",0
68,1.6,2.7,1.4,119,2,"recruits","moluccensis",68,"Fbranching",2.96675496688742
68,1.6,2.7,1.4,119,2,"recruits","moluccensis",68,"Mcoral",0.350440677966102
68,1.6,2.7,1.4,119,2,"recruits","moluccensis",68,"Rubble",0.813030852994555
69,1.6,2.7,1.353,120,2,"recruits","amboinensis",69,"Pavement",0.338119378577269
69,1.6,2.7,1.353,120,2,"recruits","amboinensis",69,"Sand",4.1472647702407
69,1.6,2.7,1.353,120,2,"recruits","amboinensis",69,"Algae",0
69,1.6,2.7,1.353,120,2,"recruits","amboinensis",69,"Soft.cor",1.07129533678756
69,1.6,2.7,1.353,120,2,"recruits","amboinensis",69,"Cbranching",0
69,1.6,2.7,1.353,120,2,"recruits","amboinensis",69,"Fbranching",0
69,1.6,2.7,1.353,120,2,"recruits","amboinensis",69,"Mcoral",0.700881355932203
69,1.6,2.7,1.353,120,2,"recruits","amboinensis",69,"Rubble",0.25016333938294
70,2.2,2,1.447,122,2,"recruits","chrysurus",70,"Pavement",1.43700735895339
70,2.2,2,1.447,122,2,"recruits","chrysurus",70,"Sand",1.13107221006565
70,2.2,2,1.447,122,2,"recruits","chrysurus",70,"Algae",0.806081871345029
70,2.2,2,1.447,122,2,"recruits","chrysurus",70,"Soft.cor",0
70,2.2,2,1.447,122,2,"recruits","chrysurus",70,"Cbranching",0
70,2.2,2,1.447,122,2,"recruits","chrysurus",70,"Fbranching",0
70,2.2,2,1.447,122,2,"recruits","chrysurus",70,"Mcoral",0
70,2.2,2,1.447,122,2,"recruits","chrysurus",70,"Rubble",1.87622504537205
71,2.1,2.1,1.4,123,2,"recruits","chrysurus",71,"Pavement",0.676238757154538
71,2.1,2.1,1.4,123,2,"recruits","chrysurus",71,"Sand",3.24240700218818
71,2.1,2.1,1.4,123,2,"recruits","chrysurus",71,"Algae",0.403040935672515
71,2.1,2.1,1.4,123,2,"recruits","chrysurus",71,"Soft.cor",0.357098445595855
71,2.1,2.1,1.4,123,2,"recruits","chrysurus",71,"Cbranching",0
71,2.1,2.1,1.4,123,2,"recruits","chrysurus",71,"Fbranching",0
71,2.1,2.1,1.4,123,2,"recruits","chrysurus",71,"Mcoral",0
71,2.1,2.1,1.4,123,2,"recruits","chrysurus",71,"Rubble",1.56352087114338
72,1.9,1.9,1.413,124,2,"recruits","chrysurus",72,"Pavement",0.732591986917416
72,1.9,1.9,1.413,124,2,"recruits","chrysurus",72,"Sand",1.65890590809628
72,1.9,1.9,1.413,124,2,"recruits","chrysurus",72,"Algae",1.4106432748538
72,1.9,1.9,1.413,124,2,"recruits","chrysurus",72,"Soft.cor",0.119032815198618
72,1.9,1.9,1.413,124,2,"recruits","chrysurus",72,"Cbranching",7.25473684210526
72,1.9,1.9,1.413,124,2,"recruits","chrysurus",72,"Fbranching",0
72,1.9,1.9,1.413,124,2,"recruits","chrysurus",72,"Mcoral",0.350440677966102
72,1.9,1.9,1.413,124,2,"recruits","chrysurus",72,"Rubble",2.25147005444646
73,1.8,1.8,1.64,126,2,"recruits","amboinensis",73,"Pavement",0.591708912510221
73,1.8,1.8,1.64,126,2,"recruits","amboinensis",73,"Sand",3.61943107221007
73,1.8,1.8,1.64,126,2,"recruits","amboinensis",73,"Algae",0.201520467836257
73,1.8,1.8,1.64,126,2,"recruits","amboinensis",73,"Soft.cor",0.773713298791019
73,1.8,1.8,1.64,126,2,"recruits","amboinensis",73,"Cbranching",0
73,1.8,1.8,1.64,126,2,"recruits","amboinensis",73,"Fbranching",0
73,1.8,1.8,1.64,126,2,"recruits","amboinensis",73,"Mcoral",0.233627118644068
73,1.8,1.8,1.64,126,2,"recruits","amboinensis",73,"Rubble",0.938112522686025
74,1.9,1.6,1.66,127,2,"recruits","chrysurus",74,"Pavement",1.2961242845462
74,1.9,1.6,1.66,127,2,"recruits","chrysurus",74,"Sand",1.20647702407002
74,1.9,1.6,1.66,127,2,"recruits","chrysurus",74,"Algae",1.61216374269006
74,1.9,1.6,1.66,127,2,"recruits","chrysurus",74,"Soft.cor",0.0595164075993092
74,1.9,1.6,1.66,127,2,"recruits","chrysurus",74,"Cbranching",3.62736842105263
74,1.9,1.6,1.66,127,2,"recruits","chrysurus",74,"Fbranching",1.36927152317881
74,1.9,1.6,1.66,127,2,"recruits","chrysurus",74,"Mcoral",0
74,1.9,1.6,1.66,127,2,"recruits","chrysurus",74,"Rubble",1.31335753176044
75,1.6,1,2.207,129,3,"recruits","moluccensis",75,"Pavement",1.11922455573506
75,1.6,1,2.207,129,3,"recruits","moluccensis",75,"Sand",0.116241610738255
75,1.6,1,2.207,129,3,"recruits","moluccensis",75,"Algae",0.23248322147651
75,1.6,1,2.207,129,3,"recruits","moluccensis",75,"Soft.cor",1.80338394793926
75,1.6,1,2.207,129,3,"recruits","moluccensis",75,"Cbranching",0
75,1.6,1,2.207,129,3,"recruits","moluccensis",75,"Fbranching",2.45673758865248
75,1.6,1,2.207,129,3,"recruits","moluccensis",75,"Mcoral",0.588781869688385
75,1.6,1,2.207,129,3,"recruits","moluccensis",75,"Rubble",0.28914858096828
76,1.6,1,2.207,130,3,"recruits","moluccensis",76,"Pavement",1.11922455573506
76,1.6,1,2.207,130,3,"recruits","moluccensis",76,"Sand",0.116241610738255
76,1.6,1,2.207,130,3,"recruits","moluccensis",76,"Algae",0.23248322147651
76,1.6,1,2.207,130,3,"recruits","moluccensis",76,"Soft.cor",1.80338394793926
76,1.6,1,2.207,130,3,"recruits","moluccensis",76,"Cbranching",0
76,1.6,1,2.207,130,3,"recruits","moluccensis",76,"Fbranching",2.45673758865248
76,1.6,1,2.207,130,3,"recruits","moluccensis",76,"Mcoral",0.588781869688385
76,1.6,1,2.207,130,3,"recruits","moluccensis",76,"Rubble",0.28914858096828
77,1.6,1,2.207,131,3,"recruits","moluccensis",77,"Pavement",1.11922455573506
77,1.6,1,2.207,131,3,"recruits","moluccensis",77,"Sand",0.116241610738255
77,1.6,1,2.207,131,3,"recruits","moluccensis",77,"Algae",0.23248322147651
77,1.6,1,2.207,131,3,"recruits","moluccensis",77,"Soft.cor",1.80338394793926
77,1.6,1,2.207,131,3,"recruits","moluccensis",77,"Cbranching",0
77,1.6,1,2.207,131,3,"recruits","moluccensis",77,"Fbranching",2.45673758865248
77,1.6,1,2.207,131,3,"recruits","moluccensis",77,"Mcoral",0.588781869688385
77,1.6,1,2.207,131,3,"recruits","moluccensis",77,"Rubble",0.28914858096828
78,1.5,1,2.207,132,3,"recruits","moluccensis",78,"Pavement",1.11922455573506
78,1.5,1,2.207,132,3,"recruits","moluccensis",78,"Sand",0.116241610738255
78,1.5,1,2.207,132,3,"recruits","moluccensis",78,"Algae",0.23248322147651
78,1.5,1,2.207,132,3,"recruits","moluccensis",78,"Soft.cor",1.80338394793926
78,1.5,1,2.207,132,3,"recruits","moluccensis",78,"Cbranching",0
78,1.5,1,2.207,132,3,"recruits","moluccensis",78,"Fbranching",2.45673758865248
78,1.5,1,2.207,132,3,"recruits","moluccensis",78,"Mcoral",0.588781869688385
78,1.5,1,2.207,132,3,"recruits","moluccensis",78,"Rubble",0.28914858096828
79,1.7,1.2,1.447,134,3,"recruits","chrysurus",79,"Pavement",0.251825525040388
79,1.7,1.2,1.447,134,3,"recruits","chrysurus",79,"Sand",2.44107382550336
79,1.7,1.2,1.447,134,3,"recruits","chrysurus",79,"Algae",0
79,1.7,1.2,1.447,134,3,"recruits","chrysurus",79,"Soft.cor",0
79,1.7,1.2,1.447,134,3,"recruits","chrysurus",79,"Cbranching",0
79,1.7,1.2,1.447,134,3,"recruits","chrysurus",79,"Fbranching",0.245673758865248
79,1.7,1.2,1.447,134,3,"recruits","chrysurus",79,"Mcoral",0
79,1.7,1.2,1.447,134,3,"recruits","chrysurus",79,"Rubble",3.93242070116861
80,1.6,0.9,1.747,136,3,"recruits","moluccensis",80,"Pavement",1.09124394184168
80,1.6,0.9,1.747,136,3,"recruits","moluccensis",80,"Sand",0.23248322147651
80,1.6,0.9,1.747,136,3,"recruits","moluccensis",80,"Algae",0.46496644295302
80,1.6,0.9,1.747,136,3,"recruits","moluccensis",80,"Soft.cor",0
80,1.6,0.9,1.747,136,3,"recruits","moluccensis",80,"Cbranching",0
80,1.6,0.9,1.747,136,3,"recruits","moluccensis",80,"Fbranching",1.22836879432624
80,1.6,0.9,1.747,136,3,"recruits","moluccensis",80,"Mcoral",0.0981303116147309
80,1.6,0.9,1.747,136,3,"recruits","moluccensis",80,"Rubble",2.3710183639399
81,1.9,1.4,1.34,140,3,"recruits","chrysurus",81,"Pavement",1.39903069466882
81,1.9,1.4,1.34,140,3,"recruits","chrysurus",81,"Sand",0.92993288590604
81,1.9,1.4,1.34,140,3,"recruits","chrysurus",81,"Algae",0.69744966442953
81,1.9,1.4,1.34,140,3,"recruits","chrysurus",81,"Soft.cor",0.150281995661605
81,1.9,1.4,1.34,140,3,"recruits","chrysurus",81,"Cbranching",0.824761904761905
81,1.9,1.4,1.34,140,3,"recruits","chrysurus",81,"Fbranching",0.122836879432624
81,1.9,1.4,1.34,140,3,"recruits","chrysurus",81,"Mcoral",0
81,1.9,1.4,1.34,140,3,"recruits","chrysurus",81,"Rubble",1.90838063439065
82,1.9,1.7,1.227,141,3,"recruits","chrysurus",82,"Pavement",0.615573505654281
82,1.9,1.7,1.227,141,3,"recruits","chrysurus",82,"Sand",5.46335570469799
82,1.9,1.7,1.227,141,3,"recruits","chrysurus",82,"Algae",0
82,1.9,1.7,1.227,141,3,"recruits","chrysurus",82,"Soft.cor",0
82,1.9,1.7,1.227,141,3,"recruits","chrysurus",82,"Cbranching",0
82,1.9,1.7,1.227,141,3,"recruits","chrysurus",82,"Fbranching",0
82,1.9,1.7,1.227,141,3,"recruits","chrysurus",82,"Mcoral",0
82,1.9,1.7,1.227,141,3,"recruits","chrysurus",82,"Rubble",1.79272120200334
83,1.9,1.8,1.367,142,3,"recruits","chrysurus",83,"Pavement",0.39172859450727
83,1.9,1.8,1.367,142,3,"recruits","chrysurus",83,"Sand",3.71973154362416
83,1.9,1.8,1.367,142,3,"recruits","chrysurus",83,"Algae",0.23248322147651
83,1.9,1.8,1.367,142,3,"recruits","chrysurus",83,"Soft.cor",0.0751409978308026
83,1.9,1.8,1.367,142,3,"recruits","chrysurus",83,"Cbranching",0
83,1.9,1.8,1.367,142,3,"recruits","chrysurus",83,"Fbranching",0
83,1.9,1.8,1.367,142,3,"recruits","chrysurus",83,"Mcoral",0
83,1.9,1.8,1.367,142,3,"recruits","chrysurus",83,"Rubble",3.00714524207012
84,1.9,1.5,1.293,143,3,"recruits","chrysurus",84,"Pavement",0.69951534733441
84,1.9,1.5,1.293,143,3,"recruits","chrysurus",84,"Sand",1.16241610738255
84,1.9,1.5,1.293,143,3,"recruits","chrysurus",84,"Algae",0.46496644295302
84,1.9,1.5,1.293,143,3,"recruits","chrysurus",84,"Soft.cor",0.225422993492408
84,1.9,1.5,1.293,143,3,"recruits","chrysurus",84,"Cbranching",0
84,1.9,1.5,1.293,143,3,"recruits","chrysurus",84,"Fbranching",0.122836879432624
84,1.9,1.5,1.293,143,3,"recruits","chrysurus",84,"Mcoral",0.294390934844193
84,1.9,1.5,1.293,143,3,"recruits","chrysurus",84,"Rubble",3.23846410684474
85,2.1,1.6,1.22,144,3,"recruits","chrysurus",85,"Pavement",1.11922455573506
85,2.1,1.6,1.22,144,3,"recruits","chrysurus",85,"Sand",2.3248322147651
85,2.1,1.6,1.22,144,3,"recruits","chrysurus",85,"Algae",0.46496644295302
85,2.1,1.6,1.22,144,3,"recruits","chrysurus",85,"Soft.cor",0
85,2.1,1.6,1.22,144,3,"recruits","chrysurus",85,"Cbranching",0
85,2.1,1.6,1.22,144,3,"recruits","chrysurus",85,"Fbranching",0
85,2.1,1.6,1.22,144,3,"recruits","chrysurus",85,"Mcoral",0
85,2.1,1.6,1.22,144,3,"recruits","chrysurus",85,"Rubble",2.19752921535893
86,2,1.6,1.467,145,3,"recruits","chrysurus",86,"Pavement",0.839418416801292
86,2,1.6,1.467,145,3,"recruits","chrysurus",86,"Sand",1.97610738255034
86,2,1.6,1.467,145,3,"recruits","chrysurus",86,"Algae",0
86,2,1.6,1.467,145,3,"recruits","chrysurus",86,"Soft.cor",0.0751409978308026
86,2,1.6,1.467,145,3,"recruits","chrysurus",86,"Cbranching",0
86,2,1.6,1.467,145,3,"recruits","chrysurus",86,"Fbranching",0.491347517730496
86,2,1.6,1.467,145,3,"recruits","chrysurus",86,"Mcoral",0.196260623229462
86,2,1.6,1.467,145,3,"recruits","chrysurus",86,"Rubble",2.66016694490818
87,2,1.9,1.447,146,3,"recruits","chrysurus",87,"Pavement",0.811437802907916
87,2,1.9,1.447,146,3,"recruits","chrysurus",87,"Sand",1.62738255033557
87,2,1.9,1.447,146,3,"recruits","chrysurus",87,"Algae",0
87,2,1.9,1.447,146,3,"recruits","chrysurus",87,"Soft.cor",0.0751409978308026
87,2,1.9,1.447,146,3,"recruits","chrysurus",87,"Cbranching",0.412380952380952
87,2,1.9,1.447,146,3,"recruits","chrysurus",87,"Fbranching",0.737021276595745
87,2,1.9,1.447,146,3,"recruits","chrysurus",87,"Mcoral",0
87,2,1.9,1.447,146,3,"recruits","chrysurus",87,"Rubble",2.71799666110184
88,2,2.4,1.167,148,2,"recruits","chrysurus",88,"Pavement",0.648062142273099
88,2,2.4,1.167,148,2,"recruits","chrysurus",88,"Sand",2.5637636761488
88,2,2.4,1.167,148,2,"recruits","chrysurus",88,"Algae",0
88,2,2.4,1.167,148,2,"recruits","chrysurus",88,"Soft.cor",0.357098445595855
88,2,2.4,1.167,148,2,"recruits","chrysurus",88,"Cbranching",0
88,2,2.4,1.167,148,2,"recruits","chrysurus",88,"Fbranching",0
88,2,2.4,1.167,148,2,"recruits","chrysurus",88,"Mcoral",0
88,2,2.4,1.167,148,2,"recruits","chrysurus",88,"Rubble",2.3140108892922
89,1.8,2.5,1.367,150,2,"recruits","chrysurus",89,"Pavement",0.394472608340147
89,1.8,2.5,1.367,150,2,"recruits","chrysurus",89,"Sand",2.48835886214442
89,1.8,2.5,1.367,150,2,"recruits","chrysurus",89,"Algae",0.201520467836257
89,1.8,2.5,1.367,150,2,"recruits","chrysurus",89,"Soft.cor",0.0595164075993092
89,1.8,2.5,1.367,150,2,"recruits","chrysurus",89,"Cbranching",0
89,1.8,2.5,1.367,150,2,"recruits","chrysurus",89,"Fbranching",0
89,1.8,2.5,1.367,150,2,"recruits","chrysurus",89,"Mcoral",0.467254237288136
89,1.8,2.5,1.367,150,2,"recruits","chrysurus",89,"Rubble",2.87687840290381
90,2,2.4,1.3,152,2,"recruits","chrysurus",90,"Pavement",1.21159443990188
90,2,2.4,1.3,152,2,"recruits","chrysurus",90,"Sand",2.26214442013129
90,2,2.4,1.3,152,2,"recruits","chrysurus",90,"Algae",0
90,2,2.4,1.3,152,2,"recruits","chrysurus",90,"Soft.cor",0.238065630397237
90,2,2.4,1.3,152,2,"recruits","chrysurus",90,"Cbranching",0
90,2,2.4,1.3,152,2,"recruits","chrysurus",90,"Fbranching",0
90,2,2.4,1.3,152,2,"recruits","chrysurus",90,"Mcoral",0.467254237288136
90,2,2.4,1.3,152,2,"recruits","chrysurus",90,"Rubble",1.18827586206897
91,2,1.5,1.313,153,3,"recruits","chrysurus",91,"Pavement",1.23114701130856
91,2,1.5,1.313,153,3,"recruits","chrysurus",91,"Sand",1.51114093959732
91,2,1.5,1.313,153,3,"recruits","chrysurus",91,"Algae",0
91,2,1.5,1.313,153,3,"recruits","chrysurus",91,"Soft.cor",0.601127982646421
91,2,1.5,1.313,153,3,"recruits","chrysurus",91,"Cbranching",0.412380952380952
91,2,1.5,1.313,153,3,"recruits","chrysurus",91,"Fbranching",1.59687943262411
91,2,1.5,1.313,153,3,"recruits","chrysurus",91,"Mcoral",0.0981303116147309
91,2,1.5,1.313,153,3,"recruits","chrysurus",91,"Rubble",1.15659432387312
92,1.6,1.6,1.473,156,3,"recruits","moluccensis",92,"Pavement",0.727495961227787
92,1.6,1.6,1.473,156,3,"recruits","moluccensis",92,"Sand",0.92993288590604
92,1.6,1.6,1.473,156,3,"recruits","moluccensis",92,"Algae",4.18469798657718
92,1.6,1.6,1.473,156,3,"recruits","moluccensis",92,"Soft.cor",0.901691973969631
92,1.6,1.6,1.473,156,3,"recruits","moluccensis",92,"Cbranching",0
92,1.6,1.6,1.473,156,3,"recruits","moluccensis",92,"Fbranching",1.71971631205674
92,1.6,1.6,1.473,156,3,"recruits","moluccensis",92,"Mcoral",0.196260623229462
92,1.6,1.6,1.473,156,3,"recruits","moluccensis",92,"Rubble",1.09876460767947
93,2,1.7,1.167,158,3,"recruits","amboinensis",93,"Pavement",0.587592891760905
93,2,1.7,1.167,158,3,"recruits","amboinensis",93,"Sand",5.46335570469799
93,2,1.7,1.167,158,3,"recruits","amboinensis",93,"Algae",0
93,2,1.7,1.167,158,3,"recruits","amboinensis",93,"Soft.cor",0.450845986984816
93,2,1.7,1.167,158,3,"recruits","amboinensis",93,"Cbranching",0.824761904761905
93,2,1.7,1.167,158,3,"recruits","amboinensis",93,"Fbranching",0.491347517730496
93,2,1.7,1.167,158,3,"recruits","amboinensis",93,"Mcoral",0.686912181303116
93,2,1.7,1.167,158,3,"recruits","amboinensis",93,"Rubble",0.751786310517529
94,1.9,1.6,1.767,159,3,"recruits","amboinensis",94,"Pavement",1.51095315024233
94,1.9,1.6,1.767,159,3,"recruits","amboinensis",94,"Sand",0.348724832214765
94,1.9,1.6,1.767,159,3,"recruits","amboinensis",94,"Algae",0.92993288590604
94,1.9,1.6,1.767,159,3,"recruits","amboinensis",94,"Soft.cor",0.826550976138829
94,1.9,1.6,1.767,159,3,"recruits","amboinensis",94,"Cbranching",0.412380952380952
94,1.9,1.6,1.767,159,3,"recruits","amboinensis",94,"Fbranching",0.614184397163121
94,1.9,1.6,1.767,159,3,"recruits","amboinensis",94,"Mcoral",0.294390934844193
94,1.9,1.6,1.767,159,3,"recruits","amboinensis",94,"Rubble",0.983105175292154
95,1.8,1.5,1.287,160,3,"recruits","amboinensis",95,"Pavement",1.0632633279483
95,1.8,1.5,1.287,160,3,"recruits","amboinensis",95,"Sand",1.85986577181208
95,1.8,1.5,1.287,160,3,"recruits","amboinensis",95,"Algae",0
95,1.8,1.5,1.287,160,3,"recruits","amboinensis",95,"Soft.cor",0.150281995661605
95,1.8,1.5,1.287,160,3,"recruits","amboinensis",95,"Cbranching",0.412380952380952
95,1.8,1.5,1.287,160,3,"recruits","amboinensis",95,"Fbranching",0.982695035460993
95,1.8,1.5,1.287,160,3,"recruits","amboinensis",95,"Mcoral",0
95,1.8,1.5,1.287,160,3,"recruits","amboinensis",95,"Rubble",2.02404006677796
96,2,2.3,1.467,162,2,"recruits","chrysurus",96,"Pavement",0.704415372035977
96,2,2.3,1.467,162,2,"recruits","chrysurus",96,"Sand",1.2818818380744
96,2,2.3,1.467,162,2,"recruits","chrysurus",96,"Algae",0
96,2,2.3,1.467,162,2,"recruits","chrysurus",96,"Soft.cor",0.535647668393782
96,2,2.3,1.467,162,2,"recruits","chrysurus",96,"Cbranching",0
96,2,2.3,1.467,162,2,"recruits","chrysurus",96,"Fbranching",0
96,2,2.3,1.467,162,2,"recruits","chrysurus",96,"Mcoral",0
96,2,2.3,1.467,162,2,"recruits","chrysurus",96,"Rubble",3.06450090744102
97,1.9,2.3,1.287,163,2,"recruits","chrysurus",97,"Pavement",0.394472608340147
97,1.9,2.3,1.287,163,2,"recruits","chrysurus",97,"Sand",1.96052516411379
97,1.9,2.3,1.287,163,2,"recruits","chrysurus",97,"Algae",0
97,1.9,2.3,1.287,163,2,"recruits","chrysurus",97,"Soft.cor",0.119032815198618
97,1.9,2.3,1.287,163,2,"recruits","chrysurus",97,"Cbranching",0
97,1.9,2.3,1.287,163,2,"recruits","chrysurus",97,"Fbranching",0
97,1.9,2.3,1.287,163,2,"recruits","chrysurus",97,"Mcoral",0
97,1.9,2.3,1.287,163,2,"recruits","chrysurus",97,"Rubble",3.62736842105263
98,2,3.2,2,165,2,"recruits","amboinensis",98,"Pavement",0.338119378577269
98,2,3.2,2,165,2,"recruits","amboinensis",98,"Sand",1.96052516411379
98,2,3.2,2,165,2,"recruits","amboinensis",98,"Algae",0
98,2,3.2,2,165,2,"recruits","amboinensis",98,"Soft.cor",0.238065630397237
98,2,3.2,2,165,2,"recruits","amboinensis",98,"Cbranching",0
98,2,3.2,2,165,2,"recruits","amboinensis",98,"Fbranching",3.19496688741722
98,2,3.2,2,165,2,"recruits","amboinensis",98,"Mcoral",4.32210169491525
98,2,3.2,2,165,2,"recruits","amboinensis",98,"Rubble",0.25016333938294
99,1.6,3.2,1.78,166,2,"recruits","amboinensis",99,"Pavement",0.479002452984464
99,1.6,3.2,1.78,166,2,"recruits","amboinensis",99,"Sand",3.69483588621444
99,1.6,3.2,1.78,166,2,"recruits","amboinensis",99,"Algae",0
99,1.6,3.2,1.78,166,2,"recruits","amboinensis",99,"Soft.cor",0.476131260794473
99,1.6,3.2,1.78,166,2,"recruits","amboinensis",99,"Cbranching",0
99,1.6,3.2,1.78,166,2,"recruits","amboinensis",99,"Fbranching",0.228211920529801
99,1.6,3.2,1.78,166,2,"recruits","amboinensis",99,"Mcoral",2.33627118644068
99,1.6,3.2,1.78,166,2,"recruits","amboinensis",99,"Rubble",0.312704174228675
100,2,2.1,1.687,169,2,"recruits","chrysurus",100,"Pavement",0.788945216680294
100,2,2.1,1.687,169,2,"recruits","chrysurus",100,"Sand",1.35728665207877
100,2,2.1,1.687,169,2,"recruits","chrysurus",100,"Algae",0.403040935672515
100,2,2.1,1.687,169,2,"recruits","chrysurus",100,"Soft.cor",0.535647668393782
100,2,2.1,1.687,169,2,"recruits","chrysurus",100,"Cbranching",0
100,2,2.1,1.687,169,2,"recruits","chrysurus",100,"Fbranching",2.05390728476821
100,2,2.1,1.687,169,2,"recruits","chrysurus",100,"Mcoral",0.700881355932203
100,2,2.1,1.687,169,2,"recruits","chrysurus",100,"Rubble",1.56352087114338
101,1.9,2.1,1.467,170,2,"recruits","chrysurus",101,"Pavement",0.732591986917416
101,1.9,2.1,1.467,170,2,"recruits","chrysurus",101,"Sand",1.20647702407002
101,1.9,2.1,1.467,170,2,"recruits","chrysurus",101,"Algae",0
101,1.9,2.1,1.467,170,2,"recruits","chrysurus",101,"Soft.cor",1.66645941278066
101,1.9,2.1,1.467,170,2,"recruits","chrysurus",101,"Cbranching",1.81368421052632
101,1.9,2.1,1.467,170,2,"recruits","chrysurus",101,"Fbranching",2.73854304635762
101,1.9,2.1,1.467,170,2,"recruits","chrysurus",101,"Mcoral",0.58406779661017
101,1.9,2.1,1.467,170,2,"recruits","chrysurus",101,"Rubble",0.562867513611615
102,1.6,3.4,1.82,171,2,"recruits","amboinensis",102,"Pavement",0.676238757154538
102,1.6,3.4,1.82,171,2,"recruits","amboinensis",102,"Sand",1.2818818380744
102,1.6,3.4,1.82,171,2,"recruits","amboinensis",102,"Algae",1.4106432748538
102,1.6,3.4,1.82,171,2,"recruits","amboinensis",102,"Soft.cor",1.42839378238342
102,1.6,3.4,1.82,171,2,"recruits","amboinensis",102,"Cbranching",0
102,1.6,3.4,1.82,171,2,"recruits","amboinensis",102,"Fbranching",2.51033112582781
102,1.6,3.4,1.82,171,2,"recruits","amboinensis",102,"Mcoral",1.86901694915254
102,1.6,3.4,1.82,171,2,"recruits","amboinensis",102,"Rubble",0.062540834845735
103,1.7,3.4,1.82,172,2,"recruits","amboinensis",103,"Pavement",0.676238757154538
103,1.7,3.4,1.82,172,2,"recruits","amboinensis",103,"Sand",1.2818818380744
103,1.7,3.4,1.82,172,2,"recruits","amboinensis",103,"Algae",1.4106432748538
103,1.7,3.4,1.82,172,2,"recruits","amboinensis",103,"Soft.cor",1.42839378238342
103,1.7,3.4,1.82,172,2,"recruits","amboinensis",103,"Cbranching",0
103,1.7,3.4,1.82,172,2,"recruits","amboinensis",103,"Fbranching",2.51033112582781
103,1.7,3.4,1.82,172,2,"recruits","amboinensis",103,"Mcoral",1.86901694915254
103,1.7,3.4,1.82,172,2,"recruits","amboinensis",103,"Rubble",0.062540834845735
104,1.6,3.6,2.62,173,3,"recruits","moluccensis",104,"Pavement",0.335767366720517
104,1.6,3.6,2.62,173,3,"recruits","moluccensis",104,"Sand",2.78979865771812
104,1.6,3.6,2.62,173,3,"recruits","moluccensis",104,"Algae",0
104,1.6,3.6,2.62,173,3,"recruits","moluccensis",104,"Soft.cor",0.225422993492408
104,1.6,3.6,2.62,173,3,"recruits","moluccensis",104,"Cbranching",0
104,1.6,3.6,2.62,173,3,"recruits","moluccensis",104,"Fbranching",1.71971631205674
104,1.6,3.6,2.62,173,3,"recruits","moluccensis",104,"Mcoral",3.53269121813031
104,1.6,3.6,2.62,173,3,"recruits","moluccensis",104,"Rubble",0.404808013355593
105,1.7,3.5,1.847,174,3,"recruits","moluccensis",105,"Pavement",0.251825525040388
105,1.7,3.5,1.847,174,3,"recruits","moluccensis",105,"Sand",0.813691275167785
105,1.7,3.5,1.847,174,3,"recruits","moluccensis",105,"Algae",0.46496644295302
105,1.7,3.5,1.847,174,3,"recruits","moluccensis",105,"Soft.cor",3.08078091106291
105,1.7,3.5,1.847,174,3,"recruits","moluccensis",105,"Cbranching",0
105,1.7,3.5,1.847,174,3,"recruits","moluccensis",105,"Fbranching",2.45673758865248
105,1.7,3.5,1.847,174,3,"recruits","moluccensis",105,"Mcoral",0.0981303116147309
105,1.7,3.5,1.847,174,3,"recruits","moluccensis",105,"Rubble",1.09876460767947
106,1.6,3.6,2.733,175,3,"recruits","amboinensis",106,"Pavement",0.279806138933764
106,1.6,3.6,2.733,175,3,"recruits","amboinensis",106,"Sand",3.48724832214765
106,1.6,3.6,2.733,175,3,"recruits","amboinensis",106,"Algae",0.23248322147651
106,1.6,3.6,2.733,175,3,"recruits","amboinensis",106,"Soft.cor",2.47965292841649
106,1.6,3.6,2.733,175,3,"recruits","amboinensis",106,"Cbranching",0
106,1.6,3.6,2.733,175,3,"recruits","amboinensis",106,"Fbranching",0
106,1.6,3.6,2.733,175,3,"recruits","amboinensis",106,"Mcoral",0.294390934844193
106,1.6,3.6,2.733,175,3,"recruits","amboinensis",106,"Rubble",1.33008347245409
107,1.7,1.6,3.933,176,3,"recruits","moluccensis",107,"Pavement",0.671534733441034
107,1.7,1.6,3.933,176,3,"recruits","moluccensis",107,"Sand",0.46496644295302
107,1.7,1.6,3.933,176,3,"recruits","moluccensis",107,"Algae",0.46496644295302
107,1.7,1.6,3.933,176,3,"recruits","moluccensis",107,"Soft.cor",0.525986984815618
107,1.7,1.6,3.933,176,3,"recruits","moluccensis",107,"Cbranching",3.29904761904762
107,1.7,1.6,3.933,176,3,"recruits","moluccensis",107,"Fbranching",0.491347517730496
107,1.7,1.6,3.933,176,3,"recruits","moluccensis",107,"Mcoral",2.06073654390935
107,1.7,1.6,3.933,176,3,"recruits","moluccensis",107,"Rubble",1.33008347245409
108,1.6,1.6,3.933,177,3,"recruits","moluccensis",108,"Pavement",0.671534733441034
108,1.6,1.6,3.933,177,3,"recruits","moluccensis",108,"Sand",0.46496644295302
108,1.6,1.6,3.933,177,3,"recruits","moluccensis",108,"Algae",0.46496644295302
108,1.6,1.6,3.933,177,3,"recruits","moluccensis",108,"Soft.cor",0.525986984815618
108,1.6,1.6,3.933,177,3,"recruits","moluccensis",108,"Cbranching",3.29904761904762
108,1.6,1.6,3.933,177,3,"recruits","moluccensis",108,"Fbranching",0.491347517730496
108,1.6,1.6,3.933,177,3,"recruits","moluccensis",108,"Mcoral",2.06073654390935
108,1.6,1.6,3.933,177,3,"recruits","moluccensis",108,"Rubble",1.33008347245409
109,1.8,3.4,1.84,179,3,"recruits","amboinensis",109,"Pavement",0.139903069466882
109,1.8,3.4,1.84,179,3,"recruits","amboinensis",109,"Sand",5.81208053691275
109,1.8,3.4,1.84,179,3,"recruits","amboinensis",109,"Algae",0.69744966442953
109,1.8,3.4,1.84,179,3,"recruits","amboinensis",109,"Soft.cor",1.20225596529284
109,1.8,3.4,1.84,179,3,"recruits","amboinensis",109,"Cbranching",0
109,1.8,3.4,1.84,179,3,"recruits","amboinensis",109,"Fbranching",1.96539007092199
109,1.8,3.4,1.84,179,3,"recruits","amboinensis",109,"Mcoral",0.686912181303116
109,1.8,3.4,1.84,179,3,"recruits","amboinensis",109,"Rubble",0.115659432387312
110,2.1,3.4,1.84,180,3,"recruits","amboinensis",110,"Pavement",0.139903069466882
110,2.1,3.4,1.84,180,3,"recruits","amboinensis",110,"Sand",5.81208053691275
110,2.1,3.4,1.84,180,3,"recruits","amboinensis",110,"Algae",0.69744966442953
110,2.1,3.4,1.84,180,3,"recruits","amboinensis",110,"Soft.cor",1.20225596529284
110,2.1,3.4,1.84,180,3,"recruits","amboinensis",110,"Cbranching",0
110,2.1,3.4,1.84,180,3,"recruits","amboinensis",110,"Fbranching",1.96539007092199
110,2.1,3.4,1.84,180,3,"recruits","amboinensis",110,"Mcoral",0.686912181303116
110,2.1,3.4,1.84,180,3,"recruits","amboinensis",110,"Rubble",0.115659432387312
111,1.7,3.3,2.813,181,3,"recruits","moluccensis",111,"Pavement",0.615573505654281
111,1.7,3.3,2.813,181,3,"recruits","moluccensis",111,"Sand",1.62738255033557
111,1.7,3.3,2.813,181,3,"recruits","moluccensis",111,"Algae",0.23248322147651
111,1.7,3.3,2.813,181,3,"recruits","moluccensis",111,"Soft.cor",0.901691973969631
111,1.7,3.3,2.813,181,3,"recruits","moluccensis",111,"Cbranching",0
111,1.7,3.3,2.813,181,3,"recruits","moluccensis",111,"Fbranching",1.59687943262411
111,1.7,3.3,2.813,181,3,"recruits","moluccensis",111,"Mcoral",2.8457790368272
111,1.7,3.3,2.813,181,3,"recruits","moluccensis",111,"Rubble",0.520467445742905
112,1.6,3.3,2.813,182,3,"recruits","moluccensis",112,"Pavement",0.615573505654281
112,1.6,3.3,2.813,182,3,"recruits","moluccensis",112,"Sand",1.62738255033557
112,1.6,3.3,2.813,182,3,"recruits","moluccensis",112,"Algae",0.23248322147651
112,1.6,3.3,2.813,182,3,"recruits","moluccensis",112,"Soft.cor",0.901691973969631
112,1.6,3.3,2.813,182,3,"recruits","moluccensis",112,"Cbranching",0
112,1.6,3.3,2.813,182,3,"recruits","moluccensis",112,"Fbranching",1.59687943262411
112,1.6,3.3,2.813,182,3,"recruits","moluccensis",112,"Mcoral",2.8457790368272
112,1.6,3.3,2.813,182,3,"recruits","moluccensis",112,"Rubble",0.520467445742905
113,1.8,1.1,2.033,187,3,"recruits","chrysurus",113,"Pavement",1.39903069466882
113,1.8,1.1,2.033,187,3,"recruits","chrysurus",113,"Sand",1.74362416107383
113,1.8,1.1,2.033,187,3,"recruits","chrysurus",113,"Algae",0.69744966442953
113,1.8,1.1,2.033,187,3,"recruits","chrysurus",113,"Soft.cor",0.450845986984816
113,1.8,1.1,2.033,187,3,"recruits","chrysurus",113,"Cbranching",0.412380952380952
113,1.8,1.1,2.033,187,3,"recruits","chrysurus",113,"Fbranching",0.368510638297872
113,1.8,1.1,2.033,187,3,"recruits","chrysurus",113,"Mcoral",0.490651558073654
113,1.8,1.1,2.033,187,3,"recruits","chrysurus",113,"Rubble",0.925275459098498
114,2.1,1.3,1.327,188,3,"recruits","chrysurus",114,"Pavement",1.23114701130856
114,2.1,1.3,1.327,188,3,"recruits","chrysurus",114,"Sand",3.60348993288591
114,2.1,1.3,1.327,188,3,"recruits","chrysurus",114,"Algae",0.23248322147651
114,2.1,1.3,1.327,188,3,"recruits","chrysurus",114,"Soft.cor",0
114,2.1,1.3,1.327,188,3,"recruits","chrysurus",114,"Cbranching",0
114,2.1,1.3,1.327,188,3,"recruits","chrysurus",114,"Fbranching",0
114,2.1,1.3,1.327,188,3,"recruits","chrysurus",114,"Mcoral",0.294390934844193
114,2.1,1.3,1.327,188,3,"recruits","chrysurus",114,"Rubble",1.21442404006678
115,2,1.2,1.247,189,3,"recruits","chrysurus",115,"Pavement",1.17518578352181
115,2,1.2,1.247,189,3,"recruits","chrysurus",115,"Sand",1.27865771812081
115,2,1.2,1.247,189,3,"recruits","chrysurus",115,"Algae",0.46496644295302
115,2,1.2,1.247,189,3,"recruits","chrysurus",115,"Soft.cor",0.525986984815618
115,2,1.2,1.247,189,3,"recruits","chrysurus",115,"Cbranching",0
115,2,1.2,1.247,189,3,"recruits","chrysurus",115,"Fbranching",0.491347517730496
115,2,1.2,1.247,189,3,"recruits","chrysurus",115,"Mcoral",0.294390934844193
115,2,1.2,1.247,189,3,"recruits","chrysurus",115,"Rubble",1.79272120200334
116,1.6,1.8,2.853,193,3,"recruits","moluccensis",116,"Pavement",0.895379644588045
116,1.6,1.8,2.853,193,3,"recruits","moluccensis",116,"Sand",0.23248322147651
116,1.6,1.8,2.853,193,3,"recruits","moluccensis",116,"Algae",0
116,1.6,1.8,2.853,193,3,"recruits","moluccensis",116,"Soft.cor",0
116,1.6,1.8,2.853,193,3,"recruits","moluccensis",116,"Cbranching",0
116,1.6,1.8,2.853,193,3,"recruits","moluccensis",116,"Fbranching",1.96539007092199
116,1.6,1.8,2.853,193,3,"recruits","moluccensis",116,"Mcoral",4.21960339943343
116,1.6,1.8,2.853,193,3,"recruits","moluccensis",116,"Rubble",0.404808013355593
117,1.7,1.8,2.853,194,3,"recruits","moluccensis",117,"Pavement",0.895379644588045
117,1.7,1.8,2.853,194,3,"recruits","moluccensis",117,"Sand",0.23248322147651
117,1.7,1.8,2.853,194,3,"recruits","moluccensis",117,"Algae",0
117,1.7,1.8,2.853,194,3,"recruits","moluccensis",117,"Soft.cor",0
117,1.7,1.8,2.853,194,3,"recruits","moluccensis",117,"Cbranching",0
117,1.7,1.8,2.853,194,3,"recruits","moluccensis",117,"Fbranching",1.96539007092199
117,1.7,1.8,2.853,194,3,"recruits","moluccensis",117,"Mcoral",4.21960339943343
117,1.7,1.8,2.853,194,3,"recruits","moluccensis",117,"Rubble",0.404808013355593
118,1.7,3.3,1.353,196,2,"recruits","amboinensis",118,"Pavement",0.986181520850368
118,1.7,3.3,1.353,196,2,"recruits","amboinensis",118,"Sand",2.26214442013129
118,1.7,3.3,1.353,196,2,"recruits","amboinensis",118,"Algae",0.604561403508772
118,1.7,3.3,1.353,196,2,"recruits","amboinensis",118,"Soft.cor",0.476131260794473
118,1.7,3.3,1.353,196,2,"recruits","amboinensis",118,"Cbranching",0
118,1.7,3.3,1.353,196,2,"recruits","amboinensis",118,"Fbranching",0.912847682119205
118,1.7,3.3,1.353,196,2,"recruits","amboinensis",118,"Mcoral",0.350440677966102
118,1.7,3.3,1.353,196,2,"recruits","amboinensis",118,"Rubble",0.813030852994555
119,1.8,3.2,1.413,197,2,"recruits","amboinensis",119,"Pavement",0.422649223221586
119,1.8,3.2,1.413,197,2,"recruits","amboinensis",119,"Sand",4.22266958424508
119,1.8,3.2,1.413,197,2,"recruits","amboinensis",119,"Algae",0
119,1.8,3.2,1.413,197,2,"recruits","amboinensis",119,"Soft.cor",0.119032815198618
119,1.8,3.2,1.413,197,2,"recruits","amboinensis",119,"Cbranching",0
119,1.8,3.2,1.413,197,2,"recruits","amboinensis",119,"Fbranching",0
119,1.8,3.2,1.413,197,2,"recruits","amboinensis",119,"Mcoral",0
119,1.8,3.2,1.413,197,2,"recruits","amboinensis",119,"Rubble",1.68860254083485
120,1.7,2.5,1.28,199,2,"recruits","chrysurus",120,"Pavement",0.873475061324612
120,1.7,2.5,1.28,199,2,"recruits","chrysurus",120,"Sand",2.26214442013129
120,1.7,2.5,1.28,199,2,"recruits","chrysurus",120,"Algae",0.403040935672515
120,1.7,2.5,1.28,199,2,"recruits","chrysurus",120,"Soft.cor",0.119032815198618
120,1.7,2.5,1.28,199,2,"recruits","chrysurus",120,"Cbranching",0
120,1.7,2.5,1.28,199,2,"recruits","chrysurus",120,"Fbranching",0
120,1.7,2.5,1.28,199,2,"recruits","chrysurus",120,"Mcoral",0
120,1.7,2.5,1.28,199,2,"recruits","chrysurus",120,"Rubble",2.18892921960073
121,1.8,2.5,1.28,200,2,"recruits","chrysurus",121,"Pavement",0.873475061324612
121,1.8,2.5,1.28,200,2,"recruits","chrysurus",121,"Sand",2.26214442013129
121,1.8,2.5,1.28,200,2,"recruits","chrysurus",121,"Algae",0.403040935672515
121,1.8,2.5,1.28,200,2,"recruits","chrysurus",121,"Soft.cor",0.119032815198618
121,1.8,2.5,1.28,200,2,"recruits","chrysurus",121,"Cbranching",0
121,1.8,2.5,1.28,200,2,"recruits","chrysurus",121,"Fbranching",0
121,1.8,2.5,1.28,200,2,"recruits","chrysurus",121,"Mcoral",0
121,1.8,2.5,1.28,200,2,"recruits","chrysurus",121,"Rubble",2.18892921960073
122,2,2,1.233,202,2,"recruits","chrysurus",122,"Pavement",0.958004905968929
122,2,2,1.233,202,2,"recruits","chrysurus",122,"Sand",2.11133479212254
122,2,2,1.233,202,2,"recruits","chrysurus",122,"Algae",0.201520467836257
122,2,2,1.233,202,2,"recruits","chrysurus",122,"Soft.cor",0.178549222797927
122,2,2,1.233,202,2,"recruits","chrysurus",122,"Cbranching",0
122,2,2,1.233,202,2,"recruits","chrysurus",122,"Fbranching",0
122,2,2,1.233,202,2,"recruits","chrysurus",122,"Mcoral",0.467254237288136
122,2,2,1.233,202,2,"recruits","chrysurus",122,"Rubble",1.87622504537205
123,1.7,3.9,1.333,204,2,"recruits","amboinensis",123,"Pavement",0.450825838103025
123,1.7,3.9,1.333,204,2,"recruits","amboinensis",123,"Sand",4.44888402625821
123,1.7,3.9,1.333,204,2,"recruits","amboinensis",123,"Algae",0
123,1.7,3.9,1.333,204,2,"recruits","amboinensis",123,"Soft.cor",0
123,1.7,3.9,1.333,204,2,"recruits","amboinensis",123,"Cbranching",0
123,1.7,3.9,1.333,204,2,"recruits","amboinensis",123,"Fbranching",0
123,1.7,3.9,1.333,204,2,"recruits","amboinensis",123,"Mcoral",0
123,1.7,3.9,1.333,204,2,"recruits","amboinensis",123,"Rubble",1.56352087114338
124,2.2,2.3,1.313,205,2,"recruits","chrysurus",124,"Pavement",0.676238757154538
124,2.2,2.3,1.313,205,2,"recruits","chrysurus",124,"Sand",0.452428884026258
124,2.2,2.3,1.313,205,2,"recruits","chrysurus",124,"Algae",1.4106432748538
124,2.2,2.3,1.313,205,2,"recruits","chrysurus",124,"Soft.cor",1.24984455958549
124,2.2,2.3,1.313,205,2,"recruits","chrysurus",124,"Cbranching",0
124,2.2,2.3,1.313,205,2,"recruits","chrysurus",124,"Fbranching",0.228211920529801
124,2.2,2.3,1.313,205,2,"recruits","chrysurus",124,"Mcoral",0
124,2.2,2.3,1.313,205,2,"recruits","chrysurus",124,"Rubble",2.56417422867514
125,1.4,2.3,1.74,207,2,"recruits","moluccensis",125,"Pavement",0.901651676206051
125,1.4,2.3,1.74,207,2,"recruits","moluccensis",125,"Sand",0.980262582056893
125,1.4,2.3,1.74,207,2,"recruits","moluccensis",125,"Algae",0.403040935672515
125,1.4,2.3,1.74,207,2,"recruits","moluccensis",125,"Soft.cor",1.60694300518135
125,1.4,2.3,1.74,207,2,"recruits","moluccensis",125,"Cbranching",0
125,1.4,2.3,1.74,207,2,"recruits","moluccensis",125,"Fbranching",3.87960264900662
125,1.4,2.3,1.74,207,2,"recruits","moluccensis",125,"Mcoral",0.116813559322034
125,1.4,2.3,1.74,207,2,"recruits","moluccensis",125,"Rubble",0.37524500907441
126,1.6,1.9,3.413,210,2,"recruits","moluccensis",126,"Pavement",0.197236304170074
126,1.6,1.9,3.413,210,2,"recruits","moluccensis",126,"Sand",0.603238512035011
126,1.6,1.9,3.413,210,2,"recruits","moluccensis",126,"Algae",0.403040935672515
126,1.6,1.9,3.413,210,2,"recruits","moluccensis",126,"Soft.cor",3.69001727115717
126,1.6,1.9,3.413,210,2,"recruits","moluccensis",126,"Cbranching",0
126,1.6,1.9,3.413,210,2,"recruits","moluccensis",126,"Fbranching",0.912847682119205
126,1.6,1.9,3.413,210,2,"recruits","moluccensis",126,"Mcoral",0.233627118644068
126,1.6,1.9,3.413,210,2,"recruits","moluccensis",126,"Rubble",0.938112522686025
127,1.7,3.8,1.553,214,3,"recruits","amboinensis",127,"Pavement",0.335767366720517
127,1.7,3.8,1.553,214,3,"recruits","amboinensis",127,"Sand",7.67194630872483
127,1.7,3.8,1.553,214,3,"recruits","amboinensis",127,"Algae",0
127,1.7,3.8,1.553,214,3,"recruits","amboinensis",127,"Soft.cor",0
127,1.7,3.8,1.553,214,3,"recruits","amboinensis",127,"Cbranching",0
127,1.7,3.8,1.553,214,3,"recruits","amboinensis",127,"Fbranching",1.10553191489362
127,1.7,3.8,1.553,214,3,"recruits","amboinensis",127,"Mcoral",0.0981303116147309
127,1.7,3.8,1.553,214,3,"recruits","amboinensis",127,"Rubble",0.693956594323873
128,1.8,3.8,1.553,215,3,"recruits","amboinensis",128,"Pavement",0.335767366720517
128,1.8,3.8,1.553,215,3,"recruits","amboinensis",128,"Sand",7.67194630872483
128,1.8,3.8,1.553,215,3,"recruits","amboinensis",128,"Algae",0
128,1.8,3.8,1.553,215,3,"recruits","amboinensis",128,"Soft.cor",0
128,1.8,3.8,1.553,215,3,"recruits","amboinensis",128,"Cbranching",0
128,1.8,3.8,1.553,215,3,"recruits","amboinensis",128,"Fbranching",1.10553191489362
128,1.8,3.8,1.553,215,3,"recruits","amboinensis",128,"Mcoral",0.0981303116147309
128,1.8,3.8,1.553,215,3,"recruits","amboinensis",128,"Rubble",0.693956594323873
129,1.6,2.6,2.173,216,3,"recruits","moluccensis",129,"Pavement",0.671534733441034
129,1.6,2.6,2.173,216,3,"recruits","moluccensis",129,"Sand",0.23248322147651
129,1.6,2.6,2.173,216,3,"recruits","moluccensis",129,"Algae",0
129,1.6,2.6,2.173,216,3,"recruits","moluccensis",129,"Soft.cor",0.225422993492408
129,1.6,2.6,2.173,216,3,"recruits","moluccensis",129,"Cbranching",0
129,1.6,2.6,2.173,216,3,"recruits","moluccensis",129,"Fbranching",2.82524822695035
129,1.6,2.6,2.173,216,3,"recruits","moluccensis",129,"Mcoral",0.883172804532578
129,1.6,2.6,2.173,216,3,"recruits","moluccensis",129,"Rubble",1.96621035058431
130,1.9,1.4,1.467,224,3,"recruits","chrysurus",130,"Pavement",0.727495961227787
130,1.9,1.4,1.467,224,3,"recruits","chrysurus",130,"Sand",1.74362416107383
130,1.9,1.4,1.467,224,3,"recruits","chrysurus",130,"Algae",0
130,1.9,1.4,1.467,224,3,"recruits","chrysurus",130,"Soft.cor",0
130,1.9,1.4,1.467,224,3,"recruits","chrysurus",130,"Cbranching",0
130,1.9,1.4,1.467,224,3,"recruits","chrysurus",130,"Fbranching",0.245673758865248
130,1.9,1.4,1.467,224,3,"recruits","chrysurus",130,"Mcoral",0.196260623229462
130,1.9,1.4,1.467,224,3,"recruits","chrysurus",130,"Rubble",3.18063439065109
131,1.7,1.7,2.187,228,3,"recruits","amboinensis",131,"Pavement",1.09124394184168
131,1.7,1.7,2.187,228,3,"recruits","amboinensis",131,"Sand",0.92993288590604
131,1.7,1.7,2.187,228,3,"recruits","amboinensis",131,"Algae",0.23248322147651
131,1.7,1.7,2.187,228,3,"recruits","amboinensis",131,"Soft.cor",1.42767895878525
131,1.7,1.7,2.187,228,3,"recruits","amboinensis",131,"Cbranching",0.824761904761905
131,1.7,1.7,2.187,228,3,"recruits","amboinensis",131,"Fbranching",1.84255319148936
131,1.7,1.7,2.187,228,3,"recruits","amboinensis",131,"Mcoral",0.196260623229462
131,1.7,1.7,2.187,228,3,"recruits","amboinensis",131,"Rubble",0.809616026711185
132,1.6,2.7,1.453,235,2,"recruits","amboinensis",132,"Pavement",0.676238757154538
132,1.6,2.7,1.453,235,2,"recruits","amboinensis",132,"Sand",3.8456455142232
132,1.6,2.7,1.453,235,2,"recruits","amboinensis",132,"Algae",0
132,1.6,2.7,1.453,235,2,"recruits","amboinensis",132,"Soft.cor",0.238065630397237
132,1.6,2.7,1.453,235,2,"recruits","amboinensis",132,"Cbranching",0
132,1.6,2.7,1.453,235,2,"recruits","amboinensis",132,"Fbranching",0
132,1.6,2.7,1.453,235,2,"recruits","amboinensis",132,"Mcoral",0.467254237288136
132,1.6,2.7,1.453,235,2,"recruits","amboinensis",132,"Rubble",1.0631941923775
133,1.8,2.5,2.1,236,2,"recruits","chrysurus",133,"Pavement",0.535355682747343
133,1.8,2.5,2.1,236,2,"recruits","chrysurus",133,"Sand",0.82945295404814
133,1.8,2.5,2.1,236,2,"recruits","chrysurus",133,"Algae",1.00760233918129
133,1.8,2.5,2.1,236,2,"recruits","chrysurus",133,"Soft.cor",0.535647668393782
133,1.8,2.5,2.1,236,2,"recruits","chrysurus",133,"Cbranching",0
133,1.8,2.5,2.1,236,2,"recruits","chrysurus",133,"Fbranching",0.912847682119205
133,1.8,2.5,2.1,236,2,"recruits","chrysurus",133,"Mcoral",0
133,1.8,2.5,2.1,236,2,"recruits","chrysurus",133,"Rubble",3.25212341197822
134,2.1,2.4,1.613,237,2,"recruits","chrysurus",134,"Pavement",0.591708912510221
134,2.1,2.4,1.613,237,2,"recruits","chrysurus",134,"Sand",2.41295404814004
134,2.1,2.4,1.613,237,2,"recruits","chrysurus",134,"Algae",1.00760233918129
134,2.1,2.4,1.613,237,2,"recruits","chrysurus",134,"Soft.cor",0.178549222797927
134,2.1,2.4,1.613,237,2,"recruits","chrysurus",134,"Cbranching",5.44105263157895
134,2.1,2.4,1.613,237,2,"recruits","chrysurus",134,"Fbranching",0.456423841059603
134,2.1,2.4,1.613,237,2,"recruits","chrysurus",134,"Mcoral",0
134,2.1,2.4,1.613,237,2,"recruits","chrysurus",134,"Rubble",2.12638838475499
135,1.8,3.2,2.1,238,2,"recruits","amboinensis",135,"Pavement",0.986181520850368
135,1.8,3.2,2.1,238,2,"recruits","amboinensis",135,"Sand",1.13107221006565
135,1.8,3.2,2.1,238,2,"recruits","amboinensis",135,"Algae",0.806081871345029
135,1.8,3.2,2.1,238,2,"recruits","amboinensis",135,"Soft.cor",1.19032815198618
135,1.8,3.2,2.1,238,2,"recruits","amboinensis",135,"Cbranching",0
135,1.8,3.2,2.1,238,2,"recruits","amboinensis",135,"Fbranching",0
135,1.8,3.2,2.1,238,2,"recruits","amboinensis",135,"Mcoral",1.75220338983051
135,1.8,3.2,2.1,238,2,"recruits","amboinensis",135,"Rubble",0.562867513611615
136,1.7,3.2,2.1,239,2,"recruits","amboinensis",136,"Pavement",0.986181520850368
136,1.7,3.2,2.1,239,2,"recruits","amboinensis",136,"Sand",1.13107221006565
136,1.7,3.2,2.1,239,2,"recruits","amboinensis",136,"Algae",0.806081871345029
136,1.7,3.2,2.1,239,2,"recruits","amboinensis",136,"Soft.cor",1.19032815198618
136,1.7,3.2,2.1,239,2,"recruits","amboinensis",136,"Cbranching",0
136,1.7,3.2,2.1,239,2,"recruits","amboinensis",136,"Fbranching",0
136,1.7,3.2,2.1,239,2,"recruits","amboinensis",136,"Mcoral",1.75220338983051
136,1.7,3.2,2.1,239,2,"recruits","amboinensis",136,"Rubble",0.562867513611615
137,1.9,3.3,1.3,240,2,"recruits","amboinensis",137,"Pavement",2.56407195421096
137,1.9,3.3,1.3,240,2,"recruits","amboinensis",137,"Sand",0.301619256017505
137,1.9,3.3,1.3,240,2,"recruits","amboinensis",137,"Algae",0.201520467836257
137,1.9,3.3,1.3,240,2,"recruits","amboinensis",137,"Soft.cor",0
137,1.9,3.3,1.3,240,2,"recruits","amboinensis",137,"Cbranching",0
137,1.9,3.3,1.3,240,2,"recruits","amboinensis",137,"Fbranching",0
137,1.9,3.3,1.3,240,2,"recruits","amboinensis",137,"Mcoral",0.116813559322034
137,1.9,3.3,1.3,240,2,"recruits","amboinensis",137,"Rubble",0.12508166969147
138,1.9,3.3,1.3,241,2,"recruits","amboinensis",138,"Pavement",2.56407195421096
138,1.9,3.3,1.3,241,2,"recruits","amboinensis",138,"Sand",0.301619256017505
138,1.9,3.3,1.3,241,2,"recruits","amboinensis",138,"Algae",0.201520467836257
138,1.9,3.3,1.3,241,2,"recruits","amboinensis",138,"Soft.cor",0
138,1.9,3.3,1.3,241,2,"recruits","amboinensis",138,"Cbranching",0
138,1.9,3.3,1.3,241,2,"recruits","amboinensis",138,"Fbranching",0
138,1.9,3.3,1.3,241,2,"recruits","amboinensis",138,"Mcoral",0.116813559322034
138,1.9,3.3,1.3,241,2,"recruits","amboinensis",138,"Rubble",0.12508166969147
139,1.8,3.5,1.533,242,2,"recruits","amboinensis",139,"Pavement",0.197236304170074
139,1.8,3.5,1.533,242,2,"recruits","amboinensis",139,"Sand",5.20293216630197
139,1.8,3.5,1.533,242,2,"recruits","amboinensis",139,"Algae",0
139,1.8,3.5,1.533,242,2,"recruits","amboinensis",139,"Soft.cor",0.833229706390328
139,1.8,3.5,1.533,242,2,"recruits","amboinensis",139,"Cbranching",0
139,1.8,3.5,1.533,242,2,"recruits","amboinensis",139,"Fbranching",0
139,1.8,3.5,1.533,242,2,"recruits","amboinensis",139,"Mcoral",0
139,1.8,3.5,1.533,242,2,"recruits","amboinensis",139,"Rubble",0.62540834845735
140,1.8,3.5,1.533,243,2,"recruits","amboinensis",140,"Pavement",0.197236304170074
140,1.8,3.5,1.533,243,2,"recruits","amboinensis",140,"Sand",5.20293216630197
140,1.8,3.5,1.533,243,2,"recruits","amboinensis",140,"Algae",0
140,1.8,3.5,1.533,243,2,"recruits","amboinensis",140,"Soft.cor",0.833229706390328
140,1.8,3.5,1.533,243,2,"recruits","amboinensis",140,"Cbranching",0
140,1.8,3.5,1.533,243,2,"recruits","amboinensis",140,"Fbranching",0
140,1.8,3.5,1.533,243,2,"recruits","amboinensis",140,"Mcoral",0
140,1.8,3.5,1.533,243,2,"recruits","amboinensis",140,"Rubble",0.62540834845735
141,1.8,3.1,1.873,244,2,"recruits","amboinensis",141,"Pavement",0.479002452984464
141,1.8,3.1,1.873,244,2,"recruits","amboinensis",141,"Sand",1.88512035010941
141,1.8,3.1,1.873,244,2,"recruits","amboinensis",141,"Algae",0.201520467836257
141,1.8,3.1,1.873,244,2,"recruits","amboinensis",141,"Soft.cor",0.297582037996546
141,1.8,3.1,1.873,244,2,"recruits","amboinensis",141,"Cbranching",0
141,1.8,3.1,1.873,244,2,"recruits","amboinensis",141,"Fbranching",0.456423841059603
141,1.8,3.1,1.873,244,2,"recruits","amboinensis",141,"Mcoral",4.67254237288136
141,1.8,3.1,1.873,244,2,"recruits","amboinensis",141,"Rubble",0.62540834845735
142,1.6,1.6,1.647,247,3,"recruits","moluccensis",142,"Pavement",0.69951534733441
142,1.6,1.6,1.647,247,3,"recruits","moluccensis",142,"Sand",2.90604026845638
142,1.6,1.6,1.647,247,3,"recruits","moluccensis",142,"Algae",1.39489932885906
142,1.6,1.6,1.647,247,3,"recruits","moluccensis",142,"Soft.cor",0.901691973969631
142,1.6,1.6,1.647,247,3,"recruits","moluccensis",142,"Cbranching",0
142,1.6,1.6,1.647,247,3,"recruits","moluccensis",142,"Fbranching",1.47404255319149
142,1.6,1.6,1.647,247,3,"recruits","moluccensis",142,"Mcoral",0.490651558073654
142,1.6,1.6,1.647,247,3,"recruits","moluccensis",142,"Rubble",0.520467445742905
143,1.5,2.9,2.273,249,3,"recruits","moluccensis",143,"Pavement",0.671534733441034
143,1.5,2.9,2.273,249,3,"recruits","moluccensis",143,"Sand",0.581208053691275
143,1.5,2.9,2.273,249,3,"recruits","moluccensis",143,"Algae",0.23248322147651
143,1.5,2.9,2.273,249,3,"recruits","moluccensis",143,"Soft.cor",0.0751409978308026
143,1.5,2.9,2.273,249,3,"recruits","moluccensis",143,"Cbranching",1.64952380952381
143,1.5,2.9,2.273,249,3,"recruits","moluccensis",143,"Fbranching",2.94808510638298
143,1.5,2.9,2.273,249,3,"recruits","moluccensis",143,"Mcoral",3.8270821529745
143,1.5,2.9,2.273,249,3,"recruits","moluccensis",143,"Rubble",0.115659432387312
144,1.6,3,2.04,250,3,"recruits","moluccensis",144,"Pavement",0.78345718901454
144,1.6,3,2.04,250,3,"recruits","moluccensis",144,"Sand",1.74362416107383
144,1.6,3,2.04,250,3,"recruits","moluccensis",144,"Algae",0
144,1.6,3,2.04,250,3,"recruits","moluccensis",144,"Soft.cor",0.901691973969631
144,1.6,3,2.04,250,3,"recruits","moluccensis",144,"Cbranching",0
144,1.6,3,2.04,250,3,"recruits","moluccensis",144,"Fbranching",3.19375886524823
144,1.6,3,2.04,250,3,"recruits","moluccensis",144,"Mcoral",1.2756940509915
144,1.6,3,2.04,250,3,"recruits","moluccensis",144,"Rubble",0.28914858096828
145,1.6,3.1,2.273,251,3,"recruits","amboinensis",145,"Pavement",0.167883683360258
145,1.6,3.1,2.273,251,3,"recruits","amboinensis",145,"Sand",3.83597315436242
145,1.6,3.1,2.273,251,3,"recruits","amboinensis",145,"Algae",0
145,1.6,3.1,2.273,251,3,"recruits","amboinensis",145,"Soft.cor",4.05761388286334
145,1.6,3.1,2.273,251,3,"recruits","amboinensis",145,"Cbranching",0
145,1.6,3.1,2.273,251,3,"recruits","amboinensis",145,"Fbranching",0
145,1.6,3.1,2.273,251,3,"recruits","amboinensis",145,"Mcoral",0
145,1.6,3.1,2.273,251,3,"recruits","amboinensis",145,"Rubble",0.404808013355593
146,1.8,3.2,1.46,252,3,"recruits","amboinensis",146,"Pavement",0.811437802907916
146,1.8,3.2,1.46,252,3,"recruits","amboinensis",146,"Sand",3.02228187919463
146,1.8,3.2,1.46,252,3,"recruits","amboinensis",146,"Algae",0
146,1.8,3.2,1.46,252,3,"recruits","amboinensis",146,"Soft.cor",1.57796095444685
146,1.8,3.2,1.46,252,3,"recruits","amboinensis",146,"Cbranching",0
146,1.8,3.2,1.46,252,3,"recruits","amboinensis",146,"Fbranching",0.368510638297872
146,1.8,3.2,1.46,252,3,"recruits","amboinensis",146,"Mcoral",1.66821529745042
146,1.8,3.2,1.46,252,3,"recruits","amboinensis",146,"Rubble",0.231318864774624
147,1.8,1.3,1.273,253,3,"recruits","chrysurus",147,"Pavement",0.811437802907916
147,1.8,1.3,1.273,253,3,"recruits","chrysurus",147,"Sand",4.18469798657718
147,1.8,1.3,1.273,253,3,"recruits","chrysurus",147,"Algae",0
147,1.8,1.3,1.273,253,3,"recruits","chrysurus",147,"Soft.cor",1.12711496746204
147,1.8,1.3,1.273,253,3,"recruits","chrysurus",147,"Cbranching",0
147,1.8,1.3,1.273,253,3,"recruits","chrysurus",147,"Fbranching",0
147,1.8,1.3,1.273,253,3,"recruits","chrysurus",147,"Mcoral",0.0981303116147309
147,1.8,1.3,1.273,253,3,"recruits","chrysurus",147,"Rubble",1.09876460767947
148,1.9,1.4,1.413,254,3,"recruits","chrysurus",148,"Pavement",1.31508885298869
148,1.9,1.4,1.413,254,3,"recruits","chrysurus",148,"Sand",0.92993288590604
148,1.9,1.4,1.413,254,3,"recruits","chrysurus",148,"Algae",2.09234899328859
148,1.9,1.4,1.413,254,3,"recruits","chrysurus",148,"Soft.cor",0.30056399132321
148,1.9,1.4,1.413,254,3,"recruits","chrysurus",148,"Cbranching",0
148,1.9,1.4,1.413,254,3,"recruits","chrysurus",148,"Fbranching",0.122836879432624
148,1.9,1.4,1.413,254,3,"recruits","chrysurus",148,"Mcoral",0.196260623229462
148,1.9,1.4,1.413,254,3,"recruits","chrysurus",148,"Rubble",1.67706176961603
149,1.9,1.6,1.547,255,3,"recruits","chrysurus",149,"Pavement",1.17518578352181
149,1.9,1.6,1.547,255,3,"recruits","chrysurus",149,"Sand",2.3248322147651
149,1.9,1.6,1.547,255,3,"recruits","chrysurus",149,"Algae",0.69744966442953
149,1.9,1.6,1.547,255,3,"recruits","chrysurus",149,"Soft.cor",0.375704989154013
149,1.9,1.6,1.547,255,3,"recruits","chrysurus",149,"Cbranching",0
149,1.9,1.6,1.547,255,3,"recruits","chrysurus",149,"Fbranching",1.22836879432624
149,1.9,1.6,1.547,255,3,"recruits","chrysurus",149,"Mcoral",0.686912181303116
149,1.9,1.6,1.547,255,3,"recruits","chrysurus",149,"Rubble",0.520467445742905
150,1.9,1.3,1.22,257,3,"recruits","chrysurus",150,"Pavement",1.28710823909532
150,1.9,1.3,1.22,257,3,"recruits","chrysurus",150,"Sand",0.348724832214765
150,1.9,1.3,1.22,257,3,"recruits","chrysurus",150,"Algae",0.92993288590604
150,1.9,1.3,1.22,257,3,"recruits","chrysurus",150,"Soft.cor",0.676268980477223
150,1.9,1.3,1.22,257,3,"recruits","chrysurus",150,"Cbranching",0
150,1.9,1.3,1.22,257,3,"recruits","chrysurus",150,"Fbranching",0.491347517730496
150,1.9,1.3,1.22,257,3,"recruits","chrysurus",150,"Mcoral",1.76634560906516
150,1.9,1.3,1.22,257,3,"recruits","chrysurus",150,"Rubble",0.925275459098498
151,1.7,1.4,1.253,258,3,"recruits","chrysurus",151,"Pavement",1.25912762520194
151,1.7,1.4,1.253,258,3,"recruits","chrysurus",151,"Sand",3.02228187919463
151,1.7,1.4,1.253,258,3,"recruits","chrysurus",151,"Algae",0
151,1.7,1.4,1.253,258,3,"recruits","chrysurus",151,"Soft.cor",0
151,1.7,1.4,1.253,258,3,"recruits","chrysurus",151,"Cbranching",0.412380952380952
151,1.7,1.4,1.253,258,3,"recruits","chrysurus",151,"Fbranching",0.122836879432624
151,1.7,1.4,1.253,258,3,"recruits","chrysurus",151,"Mcoral",0.0981303116147309
151,1.7,1.4,1.253,258,3,"recruits","chrysurus",151,"Rubble",1.50357262103506
152,1.7,1.4,1.2,259,3,"recruits","chrysurus",152,"Pavement",0.587592891760905
152,1.7,1.4,1.2,259,3,"recruits","chrysurus",152,"Sand",5.57959731543624
152,1.7,1.4,1.2,259,3,"recruits","chrysurus",152,"Algae",0
152,1.7,1.4,1.2,259,3,"recruits","chrysurus",152,"Soft.cor",0
152,1.7,1.4,1.2,259,3,"recruits","chrysurus",152,"Cbranching",0
152,1.7,1.4,1.2,259,3,"recruits","chrysurus",152,"Fbranching",0
152,1.7,1.4,1.2,259,3,"recruits","chrysurus",152,"Mcoral",0.196260623229462
152,1.7,1.4,1.2,259,3,"recruits","chrysurus",152,"Rubble",1.67706176961603
153,1.9,1.5,1.293,260,3,"recruits","chrysurus",153,"Pavement",1.00730210016155
153,1.9,1.5,1.293,260,3,"recruits","chrysurus",153,"Sand",4.41718120805369
153,1.9,1.5,1.293,260,3,"recruits","chrysurus",153,"Algae",0
153,1.9,1.5,1.293,260,3,"recruits","chrysurus",153,"Soft.cor",0.0751409978308026
153,1.9,1.5,1.293,260,3,"recruits","chrysurus",153,"Cbranching",0
153,1.9,1.5,1.293,260,3,"recruits","chrysurus",153,"Fbranching",0.245673758865248
153,1.9,1.5,1.293,260,3,"recruits","chrysurus",153,"Mcoral",0.196260623229462
153,1.9,1.5,1.293,260,3,"recruits","chrysurus",153,"Rubble",1.21442404006678
154,1.9,2.3,1.353,261,2,"recruits","chrysurus",154,"Pavement",1.09888798037612
154,1.9,2.3,1.353,261,2,"recruits","chrysurus",154,"Sand",1.20647702407002
154,1.9,2.3,1.353,261,2,"recruits","chrysurus",154,"Algae",2.41824561403509
154,1.9,2.3,1.353,261,2,"recruits","chrysurus",154,"Soft.cor",0.119032815198618
154,1.9,2.3,1.353,261,2,"recruits","chrysurus",154,"Cbranching",0
154,1.9,2.3,1.353,261,2,"recruits","chrysurus",154,"Fbranching",0
154,1.9,2.3,1.353,261,2,"recruits","chrysurus",154,"Mcoral",0
154,1.9,2.3,1.353,261,2,"recruits","chrysurus",154,"Rubble",1.93876588021779
155,1.8,2.2,1.373,262,2,"recruits","chrysurus",155,"Pavement",1.21159443990188
155,1.8,2.2,1.373,262,2,"recruits","chrysurus",155,"Sand",0.82945295404814
155,1.8,2.2,1.373,262,2,"recruits","chrysurus",155,"Algae",1.61216374269006
155,1.8,2.2,1.373,262,2,"recruits","chrysurus",155,"Soft.cor",0
155,1.8,2.2,1.373,262,2,"recruits","chrysurus",155,"Cbranching",0
155,1.8,2.2,1.373,262,2,"recruits","chrysurus",155,"Fbranching",0
155,1.8,2.2,1.373,262,2,"recruits","chrysurus",155,"Mcoral",0
155,1.8,2.2,1.373,262,2,"recruits","chrysurus",155,"Rubble",2.37655172413793
156,1.9,2.2,1.373,263,2,"recruits","chrysurus",156,"Pavement",1.21159443990188
156,1.9,2.2,1.373,263,2,"recruits","chrysurus",156,"Sand",0.82945295404814
156,1.9,2.2,1.373,263,2,"recruits","chrysurus",156,"Algae",1.61216374269006
156,1.9,2.2,1.373,263,2,"recruits","chrysurus",156,"Soft.cor",0
156,1.9,2.2,1.373,263,2,"recruits","chrysurus",156,"Cbranching",0
156,1.9,2.2,1.373,263,2,"recruits","chrysurus",156,"Fbranching",0
156,1.9,2.2,1.373,263,2,"recruits","chrysurus",156,"Mcoral",0
156,1.9,2.2,1.373,263,2,"recruits","chrysurus",156,"Rubble",2.37655172413793
157,2,2.1,1.407,264,2,"recruits","chrysurus",157,"Pavement",1.09888798037612
157,2,2.1,1.407,264,2,"recruits","chrysurus",157,"Sand",0.904857768052516
157,2,2.1,1.407,264,2,"recruits","chrysurus",157,"Algae",2.01520467836257
157,2,2.1,1.407,264,2,"recruits","chrysurus",157,"Soft.cor",0.119032815198618
157,2,2.1,1.407,264,2,"recruits","chrysurus",157,"Cbranching",0
157,2,2.1,1.407,264,2,"recruits","chrysurus",157,"Fbranching",0
157,2,2.1,1.407,264,2,"recruits","chrysurus",157,"Mcoral",0
157,2,2.1,1.407,264,2,"recruits","chrysurus",157,"Rubble",2.3140108892922
158,2,1.8,1.387,265,2,"recruits","chrysurus",158,"Pavement",0.958004905968929
158,2,1.8,1.387,265,2,"recruits","chrysurus",158,"Sand",2.11133479212254
158,2,1.8,1.387,265,2,"recruits","chrysurus",158,"Algae",1.61216374269006
158,2,1.8,1.387,265,2,"recruits","chrysurus",158,"Soft.cor",0.238065630397237
158,2,1.8,1.387,265,2,"recruits","chrysurus",158,"Cbranching",0
158,2,1.8,1.387,265,2,"recruits","chrysurus",158,"Fbranching",0.684635761589404
158,2,1.8,1.387,265,2,"recruits","chrysurus",158,"Mcoral",0.116813559322034
158,2,1.8,1.387,265,2,"recruits","chrysurus",158,"Rubble",1.37589836660617
159,2,1.6,1.72,267,2,"recruits","chrysurus",159,"Pavement",1.07071136549469
159,2,1.6,1.72,267,2,"recruits","chrysurus",159,"Sand",0.82945295404814
159,2,1.6,1.72,267,2,"recruits","chrysurus",159,"Algae",0.201520467836257
159,2,1.6,1.72,267,2,"recruits","chrysurus",159,"Soft.cor",0
159,2,1.6,1.72,267,2,"recruits","chrysurus",159,"Cbranching",10.8821052631579
159,2,1.6,1.72,267,2,"recruits","chrysurus",159,"Fbranching",0
159,2,1.6,1.72,267,2,"recruits","chrysurus",159,"Mcoral",0.350440677966102
159,2,1.6,1.72,267,2,"recruits","chrysurus",159,"Rubble",2.56417422867514
160,1.9,1.6,1.38,268,2,"recruits","chrysurus",160,"Pavement",0.648062142273099
160,1.9,1.6,1.38,268,2,"recruits","chrysurus",160,"Sand",1.2818818380744
160,1.9,1.6,1.38,268,2,"recruits","chrysurus",160,"Algae",0.403040935672515
160,1.9,1.6,1.38,268,2,"recruits","chrysurus",160,"Soft.cor",0
160,1.9,1.6,1.38,268,2,"recruits","chrysurus",160,"Cbranching",0
160,1.9,1.6,1.38,268,2,"recruits","chrysurus",160,"Fbranching",0
160,1.9,1.6,1.38,268,2,"recruits","chrysurus",160,"Mcoral",0.116813559322034
160,1.9,1.6,1.38,268,2,"recruits","chrysurus",160,"Rubble",3.5648275862069
161,1.9,1.8,1.7,270,2,"recruits","chrysurus",161,"Pavement",1.69059689288635
161,1.9,1.8,1.7,270,2,"recruits","chrysurus",161,"Sand",1.43269146608315
161,1.9,1.8,1.7,270,2,"recruits","chrysurus",161,"Algae",0
161,1.9,1.8,1.7,270,2,"recruits","chrysurus",161,"Soft.cor",0.357098445595855
161,1.9,1.8,1.7,270,2,"recruits","chrysurus",161,"Cbranching",0
161,1.9,1.8,1.7,270,2,"recruits","chrysurus",161,"Fbranching",0.456423841059603
161,1.9,1.8,1.7,270,2,"recruits","chrysurus",161,"Mcoral",0.817694915254237
161,1.9,1.8,1.7,270,2,"recruits","chrysurus",161,"Rubble",0.37524500907441
162,1.5,3.6,1.967,271,3,"recruits","amboinensis",162,"Pavement",0.755476575121163
162,1.5,3.6,1.967,271,3,"recruits","amboinensis",162,"Sand",5.57959731543624
162,1.5,3.6,1.967,271,3,"recruits","amboinensis",162,"Algae",0.23248322147651
162,1.5,3.6,1.967,271,3,"recruits","amboinensis",162,"Soft.cor",0.676268980477223
162,1.5,3.6,1.967,271,3,"recruits","amboinensis",162,"Cbranching",0.412380952380952
162,1.5,3.6,1.967,271,3,"recruits","amboinensis",162,"Fbranching",0
162,1.5,3.6,1.967,271,3,"recruits","amboinensis",162,"Mcoral",1.17756373937677
162,1.5,3.6,1.967,271,3,"recruits","amboinensis",162,"Rubble",0.115659432387312
163,1.7,3.2,1.873,272,3,"recruits","moluccensis",163,"Pavement",1.37105008077544
163,1.7,3.2,1.873,272,3,"recruits","moluccensis",163,"Sand",0.69744966442953
163,1.7,3.2,1.873,272,3,"recruits","moluccensis",163,"Algae",0
163,1.7,3.2,1.873,272,3,"recruits","moluccensis",163,"Soft.cor",0
163,1.7,3.2,1.873,272,3,"recruits","moluccensis",163,"Cbranching",0
163,1.7,3.2,1.873,272,3,"recruits","moluccensis",163,"Fbranching",1.84255319148936
163,1.7,3.2,1.873,272,3,"recruits","moluccensis",163,"Mcoral",2.25699716713881
163,1.7,3.2,1.873,272,3,"recruits","moluccensis",163,"Rubble",0.404808013355593
164,1.9,2.2,1.647,275,2,"recruits","chrysurus",164,"Pavement",0.788945216680294
164,1.9,2.2,1.647,275,2,"recruits","chrysurus",164,"Sand",0.980262582056893
164,1.9,2.2,1.647,275,2,"recruits","chrysurus",164,"Algae",0.403040935672515
164,1.9,2.2,1.647,275,2,"recruits","chrysurus",164,"Soft.cor",0.833229706390328
164,1.9,2.2,1.647,275,2,"recruits","chrysurus",164,"Cbranching",0
164,1.9,2.2,1.647,275,2,"recruits","chrysurus",164,"Fbranching",0
164,1.9,2.2,1.647,275,2,"recruits","chrysurus",164,"Mcoral",1.63538983050847
164,1.9,2.2,1.647,275,2,"recruits","chrysurus",164,"Rubble",1.68860254083485
165,1.9,2.3,1.54,279,2,"recruits","chrysurus",165,"Pavement",0.732591986917416
165,1.9,2.3,1.54,279,2,"recruits","chrysurus",165,"Sand",1.13107221006565
165,1.9,2.3,1.54,279,2,"recruits","chrysurus",165,"Algae",0.201520467836257
165,1.9,2.3,1.54,279,2,"recruits","chrysurus",165,"Soft.cor",2.73775474956822
165,1.9,2.3,1.54,279,2,"recruits","chrysurus",165,"Cbranching",0
165,1.9,2.3,1.54,279,2,"recruits","chrysurus",165,"Fbranching",0.228211920529801
165,1.9,2.3,1.54,279,2,"recruits","chrysurus",165,"Mcoral",0.233627118644068
165,1.9,2.3,1.54,279,2,"recruits","chrysurus",165,"Rubble",0.50032667876588
166,1.9,2.1,1.36,280,2,"recruits","chrysurus",166,"Pavement",1.32430089942764
166,1.9,2.1,1.36,280,2,"recruits","chrysurus",166,"Sand",0.904857768052516
166,1.9,2.1,1.36,280,2,"recruits","chrysurus",166,"Algae",1.00760233918129
166,1.9,2.1,1.36,280,2,"recruits","chrysurus",166,"Soft.cor",0
166,1.9,2.1,1.36,280,2,"recruits","chrysurus",166,"Cbranching",0
166,1.9,2.1,1.36,280,2,"recruits","chrysurus",166,"Fbranching",0
166,1.9,2.1,1.36,280,2,"recruits","chrysurus",166,"Mcoral",0
166,1.9,2.1,1.36,280,2,"recruits","chrysurus",166,"Rubble",2.25147005444646
167,1.8,1.4,1.26,283,3,"recruits","chrysurus",167,"Pavement",1.70681744749596
167,1.8,1.4,1.26,283,3,"recruits","chrysurus",167,"Sand",1.51114093959732
167,1.8,1.4,1.26,283,3,"recruits","chrysurus",167,"Algae",1.39489932885906
167,1.8,1.4,1.26,283,3,"recruits","chrysurus",167,"Soft.cor",0.150281995661605
167,1.8,1.4,1.26,283,3,"recruits","chrysurus",167,"Cbranching",0
167,1.8,1.4,1.26,283,3,"recruits","chrysurus",167,"Fbranching",0
167,1.8,1.4,1.26,283,3,"recruits","chrysurus",167,"Mcoral",0.392521246458924
167,1.8,1.4,1.26,283,3,"recruits","chrysurus",167,"Rubble",0.809616026711185
168,1.7,1.3,1.227,284,3,"recruits","chrysurus",168,"Pavement",1.84672051696284
168,1.7,1.3,1.227,284,3,"recruits","chrysurus",168,"Sand",0.581208053691275
168,1.7,1.3,1.227,284,3,"recruits","chrysurus",168,"Algae",0.69744966442953
168,1.7,1.3,1.227,284,3,"recruits","chrysurus",168,"Soft.cor",0.150281995661605
168,1.7,1.3,1.227,284,3,"recruits","chrysurus",168,"Cbranching",1.64952380952381
168,1.7,1.3,1.227,284,3,"recruits","chrysurus",168,"Fbranching",0
168,1.7,1.3,1.227,284,3,"recruits","chrysurus",168,"Mcoral",0.0981303116147309
168,1.7,1.3,1.227,284,3,"recruits","chrysurus",168,"Rubble",1.09876460767947
169,1.5,2.5,1.367,286,3,"recruits","moluccensis",169,"Pavement",1.59489499192246
169,1.5,2.5,1.367,286,3,"recruits","moluccensis",169,"Sand",0
169,1.5,2.5,1.367,286,3,"recruits","moluccensis",169,"Algae",0.46496644295302
169,1.5,2.5,1.367,286,3,"recruits","moluccensis",169,"Soft.cor",0
169,1.5,2.5,1.367,286,3,"recruits","moluccensis",169,"Cbranching",0.412380952380952
169,1.5,2.5,1.367,286,3,"recruits","moluccensis",169,"Fbranching",2.82524822695035
169,1.5,2.5,1.367,286,3,"recruits","moluccensis",169,"Mcoral",0.686912181303116
169,1.5,2.5,1.367,286,3,"recruits","moluccensis",169,"Rubble",0.520467445742905
170,1.9,1.9,1.487,289,3,"recruits","chrysurus",170,"Pavement",1.09124394184168
170,1.9,1.9,1.487,289,3,"recruits","chrysurus",170,"Sand",0.92993288590604
170,1.9,1.9,1.487,289,3,"recruits","chrysurus",170,"Algae",1.39489932885906
170,1.9,1.9,1.487,289,3,"recruits","chrysurus",170,"Soft.cor",0.150281995661605
170,1.9,1.9,1.487,289,3,"recruits","chrysurus",170,"Cbranching",0
170,1.9,1.9,1.487,289,3,"recruits","chrysurus",170,"Fbranching",1.96539007092199
170,1.9,1.9,1.487,289,3,"recruits","chrysurus",170,"Mcoral",0.294390934844193
170,1.9,1.9,1.487,289,3,"recruits","chrysurus",170,"Rubble",1.33008347245409
171,1.7,1.7,1.387,290,3,"recruits","chrysurus",171,"Pavement",1.51095315024233
171,1.7,1.7,1.387,290,3,"recruits","chrysurus",171,"Sand",1.51114093959732
171,1.7,1.7,1.387,290,3,"recruits","chrysurus",171,"Algae",0.23248322147651
171,1.7,1.7,1.387,290,3,"recruits","chrysurus",171,"Soft.cor",0.0751409978308026
171,1.7,1.7,1.387,290,3,"recruits","chrysurus",171,"Cbranching",2.06190476190476
171,1.7,1.7,1.387,290,3,"recruits","chrysurus",171,"Fbranching",0
171,1.7,1.7,1.387,290,3,"recruits","chrysurus",171,"Mcoral",1.07943342776204
171,1.7,1.7,1.387,290,3,"recruits","chrysurus",171,"Rubble",0.867445742904841
172,1.8,2.2,1.7,291,3,"recruits","chrysurus",172,"Pavement",1.17518578352181
172,1.8,2.2,1.7,291,3,"recruits","chrysurus",172,"Sand",2.55731543624161
172,1.8,2.2,1.7,291,3,"recruits","chrysurus",172,"Algae",1.16241610738255
172,1.8,2.2,1.7,291,3,"recruits","chrysurus",172,"Soft.cor",0
172,1.8,2.2,1.7,291,3,"recruits","chrysurus",172,"Cbranching",0
172,1.8,2.2,1.7,291,3,"recruits","chrysurus",172,"Fbranching",0.614184397163121
172,1.8,2.2,1.7,291,3,"recruits","chrysurus",172,"Mcoral",0.294390934844193
172,1.8,2.2,1.7,291,3,"recruits","chrysurus",172,"Rubble",1.33008347245409
173,1.5,2.3,2.773,293,3,"recruits","moluccensis",173,"Pavement",1.20316639741519
173,1.5,2.3,2.773,293,3,"recruits","moluccensis",173,"Sand",0
173,1.5,2.3,2.773,293,3,"recruits","moluccensis",173,"Algae",1.39489932885906
173,1.5,2.3,2.773,293,3,"recruits","moluccensis",173,"Soft.cor",0.676268980477223
173,1.5,2.3,2.773,293,3,"recruits","moluccensis",173,"Cbranching",0
173,1.5,2.3,2.773,293,3,"recruits","moluccensis",173,"Fbranching",2.70241134751773
173,1.5,2.3,2.773,293,3,"recruits","moluccensis",173,"Mcoral",0.588781869688385
173,1.5,2.3,2.773,293,3,"recruits","moluccensis",173,"Rubble",0.462637729549249
174,1.7,1.8,1.44,294,3,"recruits","chrysurus",174,"Pavement",0.727495961227787
174,1.7,1.8,1.44,294,3,"recruits","chrysurus",174,"Sand",3.95221476510067
174,1.7,1.8,1.44,294,3,"recruits","chrysurus",174,"Algae",0
174,1.7,1.8,1.44,294,3,"recruits","chrysurus",174,"Soft.cor",0
174,1.7,1.8,1.44,294,3,"recruits","chrysurus",174,"Cbranching",0
174,1.7,1.8,1.44,294,3,"recruits","chrysurus",174,"Fbranching",0.368510638297872
174,1.7,1.8,1.44,294,3,"recruits","chrysurus",174,"Mcoral",0.0981303116147309
174,1.7,1.8,1.44,294,3,"recruits","chrysurus",174,"Rubble",2.08186978297162
175,1.8,1.8,1.32,295,3,"recruits","chrysurus",175,"Pavement",1.34306946688207
175,1.8,1.8,1.32,295,3,"recruits","chrysurus",175,"Sand",1.85986577181208
175,1.8,1.8,1.32,295,3,"recruits","chrysurus",175,"Algae",0.46496644295302
175,1.8,1.8,1.32,295,3,"recruits","chrysurus",175,"Soft.cor",0
175,1.8,1.8,1.32,295,3,"recruits","chrysurus",175,"Cbranching",0
175,1.8,1.8,1.32,295,3,"recruits","chrysurus",175,"Fbranching",0
175,1.8,1.8,1.32,295,3,"recruits","chrysurus",175,"Mcoral",0.686912181303116
175,1.8,1.8,1.32,295,3,"recruits","chrysurus",175,"Rubble",1.56140233722871
176,1.8,1.9,1.293,296,3,"recruits","chrysurus",176,"Pavement",0.587592891760905
176,1.8,1.9,1.293,296,3,"recruits","chrysurus",176,"Sand",3.83597315436242
176,1.8,1.9,1.293,296,3,"recruits","chrysurus",176,"Algae",0.69744966442953
176,1.8,1.9,1.293,296,3,"recruits","chrysurus",176,"Soft.cor",0.30056399132321
176,1.8,1.9,1.293,296,3,"recruits","chrysurus",176,"Cbranching",1.23714285714286
176,1.8,1.9,1.293,296,3,"recruits","chrysurus",176,"Fbranching",0.368510638297872
176,1.8,1.9,1.293,296,3,"recruits","chrysurus",176,"Mcoral",0.294390934844193
176,1.8,1.9,1.293,296,3,"recruits","chrysurus",176,"Rubble",1.73489148580968
177,1.7,2,1.347,298,2,"recruits","chrysurus",177,"Pavement",1.32430089942764
177,1.7,2,1.347,298,2,"recruits","chrysurus",177,"Sand",0.452428884026258
177,1.7,2,1.347,298,2,"recruits","chrysurus",177,"Algae",0.604561403508772
177,1.7,2,1.347,298,2,"recruits","chrysurus",177,"Soft.cor",0.0595164075993092
177,1.7,2,1.347,298,2,"recruits","chrysurus",177,"Cbranching",9.06842105263158
177,1.7,2,1.347,298,2,"recruits","chrysurus",177,"Fbranching",0
177,1.7,2,1.347,298,2,"recruits","chrysurus",177,"Mcoral",0.350440677966102
177,1.7,2,1.347,298,2,"recruits","chrysurus",177,"Rubble",2.18892921960073
178,1.9,2.2,1.653,299,2,"recruits","chrysurus",178,"Pavement",0.563532297628782
178,1.9,2.2,1.653,299,2,"recruits","chrysurus",178,"Sand",4.44888402625821
178,1.9,2.2,1.653,299,2,"recruits","chrysurus",178,"Algae",0.806081871345029
178,1.9,2.2,1.653,299,2,"recruits","chrysurus",178,"Soft.cor",0.0595164075993092
178,1.9,2.2,1.653,299,2,"recruits","chrysurus",178,"Cbranching",0
178,1.9,2.2,1.653,299,2,"recruits","chrysurus",178,"Fbranching",0.912847682119205
178,1.9,2.2,1.653,299,2,"recruits","chrysurus",178,"Mcoral",0
178,1.9,2.2,1.653,299,2,"recruits","chrysurus",178,"Rubble",0.75049001814882
179,1.7,2,1.413,300,2,"recruits","chrysurus",179,"Pavement",0.845298446443173
179,1.7,2,1.413,300,2,"recruits","chrysurus",179,"Sand",1.20647702407002
179,1.7,2,1.413,300,2,"recruits","chrysurus",179,"Algae",1.61216374269006
179,1.7,2,1.413,300,2,"recruits","chrysurus",179,"Soft.cor",0.178549222797927
179,1.7,2,1.413,300,2,"recruits","chrysurus",179,"Cbranching",0
179,1.7,2,1.413,300,2,"recruits","chrysurus",179,"Fbranching",0
179,1.7,2,1.413,300,2,"recruits","chrysurus",179,"Mcoral",0
179,1.7,2,1.413,300,2,"recruits","chrysurus",179,"Rubble",2.68925589836661
180,1.5,2.4,2.567,303,2,"recruits","moluccensis",180,"Pavement",0.61988552739166
180,1.5,2.4,2.567,303,2,"recruits","moluccensis",180,"Sand",0.754048140043764
180,1.5,2.4,2.567,303,2,"recruits","moluccensis",180,"Algae",1.00760233918129
180,1.5,2.4,2.567,303,2,"recruits","moluccensis",180,"Soft.cor",3.09485319516408
180,1.5,2.4,2.567,303,2,"recruits","moluccensis",180,"Cbranching",0
180,1.5,2.4,2.567,303,2,"recruits","moluccensis",180,"Fbranching",0.912847682119205
180,1.5,2.4,2.567,303,2,"recruits","moluccensis",180,"Mcoral",0
180,1.5,2.4,2.567,303,2,"recruits","moluccensis",180,"Rubble",0.437785843920145
181,1.8,2.4,1.267,306,2,"recruits","chrysurus",181,"Pavement",0.958004905968929
181,1.8,2.4,1.267,306,2,"recruits","chrysurus",181,"Sand",1.5835010940919
181,1.8,2.4,1.267,306,2,"recruits","chrysurus",181,"Algae",0.604561403508772
181,1.8,2.4,1.267,306,2,"recruits","chrysurus",181,"Soft.cor",0.119032815198618
181,1.8,2.4,1.267,306,2,"recruits","chrysurus",181,"Cbranching",3.62736842105263
181,1.8,2.4,1.267,306,2,"recruits","chrysurus",181,"Fbranching",0.228211920529801
181,1.8,2.4,1.267,306,2,"recruits","chrysurus",181,"Mcoral",0.233627118644068
181,1.8,2.4,1.267,306,2,"recruits","chrysurus",181,"Rubble",2.18892921960073
182,1.8,2.4,1.36,307,2,"recruits","chrysurus",182,"Pavement",0.422649223221586
182,1.8,2.4,1.36,307,2,"recruits","chrysurus",182,"Sand",1.05566739606127
182,1.8,2.4,1.36,307,2,"recruits","chrysurus",182,"Algae",2.21672514619883
182,1.8,2.4,1.36,307,2,"recruits","chrysurus",182,"Soft.cor",0.0595164075993092
182,1.8,2.4,1.36,307,2,"recruits","chrysurus",182,"Cbranching",5.44105263157895
182,1.8,2.4,1.36,307,2,"recruits","chrysurus",182,"Fbranching",0
182,1.8,2.4,1.36,307,2,"recruits","chrysurus",182,"Mcoral",0.116813559322034
182,1.8,2.4,1.36,307,2,"recruits","chrysurus",182,"Rubble",3.43974591651543
183,1.4,2.6,1.967,308,3,"recruits","moluccensis",183,"Pavement",0.839418416801292
183,1.4,2.6,1.967,308,3,"recruits","moluccensis",183,"Sand",0.46496644295302
183,1.4,2.6,1.967,308,3,"recruits","moluccensis",183,"Algae",0.46496644295302
183,1.4,2.6,1.967,308,3,"recruits","moluccensis",183,"Soft.cor",1.35253796095445
183,1.4,2.6,1.967,308,3,"recruits","moluccensis",183,"Cbranching",0.412380952380952
183,1.4,2.6,1.967,308,3,"recruits","moluccensis",183,"Fbranching",1.22836879432624
183,1.4,2.6,1.967,308,3,"recruits","moluccensis",183,"Mcoral",1.76634560906516
183,1.4,2.6,1.967,308,3,"recruits","moluccensis",183,"Rubble",0.925275459098498
184,1.8,1.7,1.4,311,3,"recruits","chrysurus",184,"Pavement",1.00730210016155
184,1.8,1.7,1.4,311,3,"recruits","chrysurus",184,"Sand",0.581208053691275
184,1.8,1.7,1.4,311,3,"recruits","chrysurus",184,"Algae",0.46496644295302
184,1.8,1.7,1.4,311,3,"recruits","chrysurus",184,"Soft.cor",1.42767895878525
184,1.8,1.7,1.4,311,3,"recruits","chrysurus",184,"Cbranching",0
184,1.8,1.7,1.4,311,3,"recruits","chrysurus",184,"Fbranching",1.59687943262411
184,1.8,1.7,1.4,311,3,"recruits","chrysurus",184,"Mcoral",0.196260623229462
184,1.8,1.7,1.4,311,3,"recruits","chrysurus",184,"Rubble",1.27225375626043
185,1.6,1.6,2.713,312,3,"recruits","moluccensis",185,"Pavement",0.895379644588045
185,1.6,1.6,2.713,312,3,"recruits","moluccensis",185,"Sand",0.116241610738255
185,1.6,1.6,2.713,312,3,"recruits","moluccensis",185,"Algae",0.23248322147651
185,1.6,1.6,2.713,312,3,"recruits","moluccensis",185,"Soft.cor",0
185,1.6,1.6,2.713,312,3,"recruits","moluccensis",185,"Cbranching",0.412380952380952
185,1.6,1.6,2.713,312,3,"recruits","moluccensis",185,"Fbranching",4.0536170212766
185,1.6,1.6,2.713,312,3,"recruits","moluccensis",185,"Mcoral",0.883172804532578
185,1.6,1.6,2.713,312,3,"recruits","moluccensis",185,"Rubble",1.33008347245409
186,1.6,1.9,4.147,313,3,"recruits","moluccensis",186,"Pavement",0.867399030694669
186,1.6,1.9,4.147,313,3,"recruits","moluccensis",186,"Sand",0
186,1.6,1.9,4.147,313,3,"recruits","moluccensis",186,"Algae",2.3248322147651
186,1.6,1.9,4.147,313,3,"recruits","moluccensis",186,"Soft.cor",2.32937093275488
186,1.6,1.9,4.147,313,3,"recruits","moluccensis",186,"Cbranching",0
186,1.6,1.9,4.147,313,3,"recruits","moluccensis",186,"Fbranching",1.22836879432624
186,1.6,1.9,4.147,313,3,"recruits","moluccensis",186,"Mcoral",0.196260623229462
186,1.6,1.9,4.147,313,3,"recruits","moluccensis",186,"Rubble",0.751786310517529
187,1.5,1.8,2.44,314,3,"recruits","moluccensis",187,"Pavement",1.03528271405493
187,1.5,1.8,2.44,314,3,"recruits","moluccensis",187,"Sand",0
187,1.5,1.8,2.44,314,3,"recruits","moluccensis",187,"Algae",0.69744966442953
187,1.5,1.8,2.44,314,3,"recruits","moluccensis",187,"Soft.cor",2.10394793926247
187,1.5,1.8,2.44,314,3,"recruits","moluccensis",187,"Cbranching",0
187,1.5,1.8,2.44,314,3,"recruits","moluccensis",187,"Fbranching",3.31659574468085
187,1.5,1.8,2.44,314,3,"recruits","moluccensis",187,"Mcoral",0.294390934844193
187,1.5,1.8,2.44,314,3,"recruits","moluccensis",187,"Rubble",0.0578297161936561
188,1.6,2.5,2.32,315,3,"recruits","moluccensis",188,"Pavement",0.839418416801292
188,1.6,2.5,2.32,315,3,"recruits","moluccensis",188,"Sand",0.69744966442953
188,1.6,2.5,2.32,315,3,"recruits","moluccensis",188,"Algae",0.23248322147651
188,1.6,2.5,2.32,315,3,"recruits","moluccensis",188,"Soft.cor",1.87852494577007
188,1.6,2.5,2.32,315,3,"recruits","moluccensis",188,"Cbranching",0
188,1.6,2.5,2.32,315,3,"recruits","moluccensis",188,"Fbranching",3.19375886524823
188,1.6,2.5,2.32,315,3,"recruits","moluccensis",188,"Mcoral",0.490651558073654
188,1.6,2.5,2.32,315,3,"recruits","moluccensis",188,"Rubble",0.173489148580968
189,1.5,2.8,2.68,316,3,"recruits","moluccensis",189,"Pavement",0.979321486268175
189,1.5,2.8,2.68,316,3,"recruits","moluccensis",189,"Sand",0.116241610738255
189,1.5,2.8,2.68,316,3,"recruits","moluccensis",189,"Algae",1.16241610738255
189,1.5,2.8,2.68,316,3,"recruits","moluccensis",189,"Soft.cor",2.17908893709328
189,1.5,2.8,2.68,316,3,"recruits","moluccensis",189,"Cbranching",0
189,1.5,2.8,2.68,316,3,"recruits","moluccensis",189,"Fbranching",0.859858156028369
189,1.5,2.8,2.68,316,3,"recruits","moluccensis",189,"Mcoral",1.17756373937677
189,1.5,2.8,2.68,316,3,"recruits","moluccensis",189,"Rubble",0.636126878130217
190,1.7,3.7,1.407,319,2,"recruits","amboinensis",190,"Pavement",0.366295993458708
190,1.7,3.7,1.407,319,2,"recruits","amboinensis",190,"Sand",4.07185995623632
190,1.7,3.7,1.407,319,2,"recruits","amboinensis",190,"Algae",0
190,1.7,3.7,1.407,319,2,"recruits","amboinensis",190,"Soft.cor",0.476131260794473
190,1.7,3.7,1.407,319,2,"recruits","amboinensis",190,"Cbranching",0
190,1.7,3.7,1.407,319,2,"recruits","amboinensis",190,"Fbranching",0.456423841059603
190,1.7,3.7,1.407,319,2,"recruits","amboinensis",190,"Mcoral",2.56989830508475
190,1.7,3.7,1.407,319,2,"recruits","amboinensis",190,"Rubble",0.062540834845735
191,1.8,2.5,1.253,321,2,"recruits","chrysurus",191,"Pavement",0.535355682747343
191,1.8,2.5,1.253,321,2,"recruits","chrysurus",191,"Sand",2.78997811816193
191,1.8,2.5,1.253,321,2,"recruits","chrysurus",191,"Algae",0
191,1.8,2.5,1.253,321,2,"recruits","chrysurus",191,"Soft.cor",0.238065630397237
191,1.8,2.5,1.253,321,2,"recruits","chrysurus",191,"Cbranching",0
191,1.8,2.5,1.253,321,2,"recruits","chrysurus",191,"Fbranching",0.228211920529801
191,1.8,2.5,1.253,321,2,"recruits","chrysurus",191,"Mcoral",0.58406779661017
191,1.8,2.5,1.253,321,2,"recruits","chrysurus",191,"Rubble",2.12638838475499
192,1.9,2.5,1.253,322,2,"recruits","chrysurus",192,"Pavement",0.535355682747343
192,1.9,2.5,1.253,322,2,"recruits","chrysurus",192,"Sand",2.78997811816193
192,1.9,2.5,1.253,322,2,"recruits","chrysurus",192,"Algae",0
192,1.9,2.5,1.253,322,2,"recruits","chrysurus",192,"Soft.cor",0.238065630397237
192,1.9,2.5,1.253,322,2,"recruits","chrysurus",192,"Cbranching",0
192,1.9,2.5,1.253,322,2,"recruits","chrysurus",192,"Fbranching",0.228211920529801
192,1.9,2.5,1.253,322,2,"recruits","chrysurus",192,"Mcoral",0.58406779661017
192,1.9,2.5,1.253,322,2,"recruits","chrysurus",192,"Rubble",2.12638838475499
193,1.5,2.6,2.34,323,2,"recruits","moluccensis",193,"Pavement",1.85965658217498
193,1.5,2.6,2.34,323,2,"recruits","moluccensis",193,"Sand",0
193,1.5,2.6,2.34,323,2,"recruits","moluccensis",193,"Algae",0.201520467836257
193,1.5,2.6,2.34,323,2,"recruits","moluccensis",193,"Soft.cor",0
193,1.5,2.6,2.34,323,2,"recruits","moluccensis",193,"Cbranching",0
193,1.5,2.6,2.34,323,2,"recruits","moluccensis",193,"Fbranching",2.05390728476821
193,1.5,2.6,2.34,323,2,"recruits","moluccensis",193,"Mcoral",1.05132203389831
193,1.5,2.6,2.34,323,2,"recruits","moluccensis",193,"Rubble",0.37524500907441
194,1.6,2,2.533,325,2,"recruits","moluccensis",194,"Pavement",0.61988552739166
194,1.6,2,2.533,325,2,"recruits","moluccensis",194,"Sand",1.5835010940919
194,1.6,2,2.533,325,2,"recruits","moluccensis",194,"Algae",0.403040935672515
194,1.6,2,2.533,325,2,"recruits","moluccensis",194,"Soft.cor",0.119032815198618
194,1.6,2,2.533,325,2,"recruits","moluccensis",194,"Cbranching",1.81368421052632
194,1.6,2,2.533,325,2,"recruits","moluccensis",194,"Fbranching",2.28211920529801
194,1.6,2,2.533,325,2,"recruits","moluccensis",194,"Mcoral",4.43891525423729
194,1.6,2,2.533,325,2,"recruits","moluccensis",194,"Rubble",0.187622504537205
195,1.6,2.1,1.833,326,2,"recruits","moluccensis",195,"Pavement",0.61988552739166
195,1.6,2.1,1.833,326,2,"recruits","moluccensis",195,"Sand",0.452428884026258
195,1.6,2.1,1.833,326,2,"recruits","moluccensis",195,"Algae",1.4106432748538
195,1.6,2.1,1.833,326,2,"recruits","moluccensis",195,"Soft.cor",2.02355785837651
195,1.6,2.1,1.833,326,2,"recruits","moluccensis",195,"Cbranching",0
195,1.6,2.1,1.833,326,2,"recruits","moluccensis",195,"Fbranching",2.96675496688742
195,1.6,2.1,1.833,326,2,"recruits","moluccensis",195,"Mcoral",1.28494915254237
195,1.6,2.1,1.833,326,2,"recruits","moluccensis",195,"Rubble",0.25016333938294
196,1.7,2.7,1.513,328,3,"recruits","amboinensis",196,"Pavement",1.28710823909532
196,1.7,2.7,1.513,328,3,"recruits","amboinensis",196,"Sand",3.13852348993289
196,1.7,2.7,1.513,328,3,"recruits","amboinensis",196,"Algae",0.46496644295302
196,1.7,2.7,1.513,328,3,"recruits","amboinensis",196,"Soft.cor",0.676268980477223
196,1.7,2.7,1.513,328,3,"recruits","amboinensis",196,"Cbranching",0
196,1.7,2.7,1.513,328,3,"recruits","amboinensis",196,"Fbranching",0.122836879432624
196,1.7,2.7,1.513,328,3,"recruits","amboinensis",196,"Mcoral",0.883172804532578
196,1.7,2.7,1.513,328,3,"recruits","amboinensis",196,"Rubble",0.231318864774624
197,1.8,2.7,1.633,329,3,"recruits","amboinensis",197,"Pavement",0.531631663974152
197,1.8,2.7,1.633,329,3,"recruits","amboinensis",197,"Sand",1.0461744966443
197,1.8,2.7,1.633,329,3,"recruits","amboinensis",197,"Algae",0.46496644295302
197,1.8,2.7,1.633,329,3,"recruits","amboinensis",197,"Soft.cor",0.826550976138829
197,1.8,2.7,1.633,329,3,"recruits","amboinensis",197,"Cbranching",0
197,1.8,2.7,1.633,329,3,"recruits","amboinensis",197,"Fbranching",0.859858156028369
197,1.8,2.7,1.633,329,3,"recruits","amboinensis",197,"Mcoral",4.80838526912181
197,1.8,2.7,1.633,329,3,"recruits","amboinensis",197,"Rubble",0
198,1.6,2.6,1.833,330,3,"recruits","moluccensis",198,"Pavement",0.335767366720517
198,1.6,2.6,1.833,330,3,"recruits","moluccensis",198,"Sand",5.57959731543624
198,1.6,2.6,1.833,330,3,"recruits","moluccensis",198,"Algae",0
198,1.6,2.6,1.833,330,3,"recruits","moluccensis",198,"Soft.cor",0.30056399132321
198,1.6,2.6,1.833,330,3,"recruits","moluccensis",198,"Cbranching",0
198,1.6,2.6,1.833,330,3,"recruits","moluccensis",198,"Fbranching",1.22836879432624
198,1.6,2.6,1.833,330,3,"recruits","moluccensis",198,"Mcoral",2.551388101983
198,1.6,2.6,1.833,330,3,"recruits","moluccensis",198,"Rubble",0
199,1.5,3.4,1.74,331,3,"recruits","amboinensis",199,"Pavement",0
199,1.5,3.4,1.74,331,3,"recruits","amboinensis",199,"Sand",6.50953020134228
199,1.5,3.4,1.74,331,3,"recruits","amboinensis",199,"Algae",0.46496644295302
199,1.5,3.4,1.74,331,3,"recruits","amboinensis",199,"Soft.cor",2.25422993492408
199,1.5,3.4,1.74,331,3,"recruits","amboinensis",199,"Cbranching",0
199,1.5,3.4,1.74,331,3,"recruits","amboinensis",199,"Fbranching",0
199,1.5,3.4,1.74,331,3,"recruits","amboinensis",199,"Mcoral",0
199,1.5,3.4,1.74,331,3,"recruits","amboinensis",199,"Rubble",0.693956594323873
200,1.7,3.4,1.74,332,3,"recruits","amboinensis",200,"Pavement",0
200,1.7,3.4,1.74,332,3,"recruits","amboinensis",200,"Sand",6.50953020134228
200,1.7,3.4,1.74,332,3,"recruits","amboinensis",200,"Algae",0.46496644295302
200,1.7,3.4,1.74,332,3,"recruits","amboinensis",200,"Soft.cor",2.25422993492408
200,1.7,3.4,1.74,332,3,"recruits","amboinensis",200,"Cbranching",0
200,1.7,3.4,1.74,332,3,"recruits","amboinensis",200,"Fbranching",0
200,1.7,3.4,1.74,332,3,"recruits","amboinensis",200,"Mcoral",0
200,1.7,3.4,1.74,332,3,"recruits","amboinensis",200,"Rubble",0.693956594323873
201,1.7,3.6,2.187,333,3,"recruits","amboinensis",201,"Pavement",0.195864297253635
201,1.7,3.6,2.187,333,3,"recruits","amboinensis",201,"Sand",4.18469798657718
201,1.7,3.6,2.187,333,3,"recruits","amboinensis",201,"Algae",0
201,1.7,3.6,2.187,333,3,"recruits","amboinensis",201,"Soft.cor",0
201,1.7,3.6,2.187,333,3,"recruits","amboinensis",201,"Cbranching",0
201,1.7,3.6,2.187,333,3,"recruits","amboinensis",201,"Fbranching",6.6331914893617
201,1.7,3.6,2.187,333,3,"recruits","amboinensis",201,"Mcoral",0.196260623229462
201,1.7,3.6,2.187,333,3,"recruits","amboinensis",201,"Rubble",0.0578297161936561
202,1.6,1.6,3.267,334,3,"recruits","moluccensis",202,"Pavement",1.0632633279483
202,1.6,1.6,3.267,334,3,"recruits","moluccensis",202,"Sand",0
202,1.6,1.6,3.267,334,3,"recruits","moluccensis",202,"Algae",0.46496644295302
202,1.6,1.6,3.267,334,3,"recruits","moluccensis",202,"Soft.cor",0.0751409978308026
202,1.6,1.6,3.267,334,3,"recruits","moluccensis",202,"Cbranching",0
202,1.6,1.6,3.267,334,3,"recruits","moluccensis",202,"Fbranching",0.982695035460993
202,1.6,1.6,3.267,334,3,"recruits","moluccensis",202,"Mcoral",2.8457790368272
202,1.6,1.6,3.267,334,3,"recruits","moluccensis",202,"Rubble",1.21442404006678
203,3.3,2.5,1.806666667,6,3,"juvenile","moluccensis",203,"Pavement",0.811437802907916
203,3.3,2.5,1.806666667,6,3,"juvenile","moluccensis",203,"Sand",0.813691275167785
203,3.3,2.5,1.806666667,6,3,"juvenile","moluccensis",203,"Algae",0.46496644295302
203,3.3,2.5,1.806666667,6,3,"juvenile","moluccensis",203,"Soft.cor",0.150281995661605
203,3.3,2.5,1.806666667,6,3,"juvenile","moluccensis",203,"Cbranching",0
203,3.3,2.5,1.806666667,6,3,"juvenile","moluccensis",203,"Fbranching",1.96539007092199
203,3.3,2.5,1.806666667,6,3,"juvenile","moluccensis",203,"Mcoral",0.490651558073654
203,3.3,2.5,1.806666667,6,3,"juvenile","moluccensis",203,"Rubble",2.25535893155259
204,3.3,1.4,1.273333333,7,3,"juvenile","chrysurus",204,"Pavement",1.28710823909532
204,3.3,1.4,1.273333333,7,3,"juvenile","chrysurus",204,"Sand",2.3248322147651
204,3.3,1.4,1.273333333,7,3,"juvenile","chrysurus",204,"Algae",0.46496644295302
204,3.3,1.4,1.273333333,7,3,"juvenile","chrysurus",204,"Soft.cor",0.375704989154013
204,3.3,1.4,1.273333333,7,3,"juvenile","chrysurus",204,"Cbranching",0
204,3.3,1.4,1.273333333,7,3,"juvenile","chrysurus",204,"Fbranching",0.859858156028369
204,3.3,1.4,1.273333333,7,3,"juvenile","chrysurus",204,"Mcoral",0.0981303116147309
204,3.3,1.4,1.273333333,7,3,"juvenile","chrysurus",204,"Rubble",1.09876460767947
205,3.5,1.4,1.26,8,3,"juvenile","chrysurus",205,"Pavement",1.4270113085622
205,3.5,1.4,1.26,8,3,"juvenile","chrysurus",205,"Sand",2.09234899328859
205,3.5,1.4,1.26,8,3,"juvenile","chrysurus",205,"Algae",0.23248322147651
205,3.5,1.4,1.26,8,3,"juvenile","chrysurus",205,"Soft.cor",1.50281995661605
205,3.5,1.4,1.26,8,3,"juvenile","chrysurus",205,"Cbranching",0
205,3.5,1.4,1.26,8,3,"juvenile","chrysurus",205,"Fbranching",0.122836879432624
205,3.5,1.4,1.26,8,3,"juvenile","chrysurus",205,"Mcoral",0.196260623229462
205,3.5,1.4,1.26,8,3,"juvenile","chrysurus",205,"Rubble",0.404808013355593
206,4,3.4,1.26,9,3,"juvenile","amboinensis",206,"Pavement",0.39172859450727
206,4,3.4,1.26,9,3,"juvenile","amboinensis",206,"Sand",7.90442953020134
206,4,3.4,1.26,9,3,"juvenile","amboinensis",206,"Algae",0
206,4,3.4,1.26,9,3,"juvenile","amboinensis",206,"Soft.cor",0
206,4,3.4,1.26,9,3,"juvenile","amboinensis",206,"Cbranching",0
206,4,3.4,1.26,9,3,"juvenile","amboinensis",206,"Fbranching",0
206,4,3.4,1.26,9,3,"juvenile","amboinensis",206,"Mcoral",0.196260623229462
206,4,3.4,1.26,9,3,"juvenile","amboinensis",206,"Rubble",0.925275459098498
207,4.5,2.5,1.633333333,10,3,"juvenile","amboinensis",207,"Pavement",0.559612277867528
207,4.5,2.5,1.633333333,10,3,"juvenile","amboinensis",207,"Sand",0.813691275167785
207,4.5,2.5,1.633333333,10,3,"juvenile","amboinensis",207,"Algae",0.69744966442953
207,4.5,2.5,1.633333333,10,3,"juvenile","amboinensis",207,"Soft.cor",0.826550976138829
207,4.5,2.5,1.633333333,10,3,"juvenile","amboinensis",207,"Cbranching",0
207,4.5,2.5,1.633333333,10,3,"juvenile","amboinensis",207,"Fbranching",1.22836879432624
207,4.5,2.5,1.633333333,10,3,"juvenile","amboinensis",207,"Mcoral",4.41586402266289
207,4.5,2.5,1.633333333,10,3,"juvenile","amboinensis",207,"Rubble",0.0578297161936561
208,3.6,1.2,1.613333333,11,3,"juvenile","moluccensis",208,"Pavement",0.839418416801292
208,3.6,1.2,1.613333333,11,3,"juvenile","moluccensis",208,"Sand",3.3710067114094
208,3.6,1.2,1.613333333,11,3,"juvenile","moluccensis",208,"Algae",1.39489932885906
208,3.6,1.2,1.613333333,11,3,"juvenile","moluccensis",208,"Soft.cor",0.525986984815618
208,3.6,1.2,1.613333333,11,3,"juvenile","moluccensis",208,"Cbranching",0.412380952380952
208,3.6,1.2,1.613333333,11,3,"juvenile","moluccensis",208,"Fbranching",1.71971631205674
208,3.6,1.2,1.613333333,11,3,"juvenile","moluccensis",208,"Mcoral",0.686912181303116
208,3.6,1.2,1.613333333,11,3,"juvenile","moluccensis",208,"Rubble",0.346978297161937
209,4,2.5,1.393333333,12,3,"juvenile","amboinensis",209,"Pavement",1.59489499192246
209,4,2.5,1.393333333,12,3,"juvenile","amboinensis",209,"Sand",0.348724832214765
209,4,2.5,1.393333333,12,3,"juvenile","amboinensis",209,"Algae",0.23248322147651
209,4,2.5,1.393333333,12,3,"juvenile","amboinensis",209,"Soft.cor",0.30056399132321
209,4,2.5,1.393333333,12,3,"juvenile","amboinensis",209,"Cbranching",0
209,4,2.5,1.393333333,12,3,"juvenile","amboinensis",209,"Fbranching",1.71971631205674
209,4,2.5,1.393333333,12,3,"juvenile","amboinensis",209,"Mcoral",0.686912181303116
209,4,2.5,1.393333333,12,3,"juvenile","amboinensis",209,"Rubble",0.809616026711185
210,4.2,2.3,1.466666667,13,2,"juvenile","chrysurus",210,"Pavement",1.23977105478332
210,4.2,2.3,1.466666667,13,2,"juvenile","chrysurus",210,"Sand",1.80971553610503
210,4.2,2.3,1.466666667,13,2,"juvenile","chrysurus",210,"Algae",0.604561403508772
210,4.2,2.3,1.466666667,13,2,"juvenile","chrysurus",210,"Soft.cor",1.01177892918826
210,4.2,2.3,1.466666667,13,2,"juvenile","chrysurus",210,"Cbranching",0
210,4.2,2.3,1.466666667,13,2,"juvenile","chrysurus",210,"Fbranching",0
210,4.2,2.3,1.466666667,13,2,"juvenile","chrysurus",210,"Mcoral",0
210,4.2,2.3,1.466666667,13,2,"juvenile","chrysurus",210,"Rubble",0.75049001814882
211,3.9,2,1.873333333,14,2,"juvenile","moluccensis",211,"Pavement",0.450825838103025
211,3.9,2,1.873333333,14,2,"juvenile","moluccensis",211,"Sand",0
211,3.9,2,1.873333333,14,2,"juvenile","moluccensis",211,"Algae",0.806081871345029
211,3.9,2,1.873333333,14,2,"juvenile","moluccensis",211,"Soft.cor",0.654680483592401
211,3.9,2,1.873333333,14,2,"juvenile","moluccensis",211,"Cbranching",0
211,3.9,2,1.873333333,14,2,"juvenile","moluccensis",211,"Fbranching",0
211,3.9,2,1.873333333,14,2,"juvenile","moluccensis",211,"Mcoral",0.233627118644068
211,3.9,2,1.873333333,14,2,"juvenile","moluccensis",211,"Rubble",3.7524500907441
212,4.2,3.1,1.2,15,2,"juvenile","amboinensis",212,"Pavement",0.845298446443173
212,4.2,3.1,1.2,15,2,"juvenile","amboinensis",212,"Sand",3.92105032822757
212,4.2,3.1,1.2,15,2,"juvenile","amboinensis",212,"Algae",0.604561403508772
212,4.2,3.1,1.2,15,2,"juvenile","amboinensis",212,"Soft.cor",0.297582037996546
212,4.2,3.1,1.2,15,2,"juvenile","amboinensis",212,"Cbranching",0
212,4.2,3.1,1.2,15,2,"juvenile","amboinensis",212,"Fbranching",1.36927152317881
212,4.2,3.1,1.2,15,2,"juvenile","amboinensis",212,"Mcoral",0.350440677966102
212,4.2,3.1,1.2,15,2,"juvenile","amboinensis",212,"Rubble",0.062540834845735
213,4.1,2.1,1.453333333,16,2,"juvenile","amboinensis",213,"Pavement",0.197236304170074
213,4.1,2.1,1.453333333,16,2,"juvenile","amboinensis",213,"Sand",0.226214442013129
213,4.1,2.1,1.453333333,16,2,"juvenile","amboinensis",213,"Algae",0
213,4.1,2.1,1.453333333,16,2,"juvenile","amboinensis",213,"Soft.cor",5.2374438687392
213,4.1,2.1,1.453333333,16,2,"juvenile","amboinensis",213,"Cbranching",0
213,4.1,2.1,1.453333333,16,2,"juvenile","amboinensis",213,"Fbranching",0.456423841059603
213,4.1,2.1,1.453333333,16,2,"juvenile","amboinensis",213,"Mcoral",0
213,4.1,2.1,1.453333333,16,2,"juvenile","amboinensis",213,"Rubble",0
214,4.1,2.1,1.42,17,2,"juvenile","chrysurus",214,"Pavement",0.986181520850368
214,4.1,2.1,1.42,17,2,"juvenile","chrysurus",214,"Sand",2.18673960612691
214,4.1,2.1,1.42,17,2,"juvenile","chrysurus",214,"Algae",0.201520467836257
214,4.1,2.1,1.42,17,2,"juvenile","chrysurus",214,"Soft.cor",0
214,4.1,2.1,1.42,17,2,"juvenile","chrysurus",214,"Cbranching",0
214,4.1,2.1,1.42,17,2,"juvenile","chrysurus",214,"Fbranching",0
214,4.1,2.1,1.42,17,2,"juvenile","chrysurus",214,"Mcoral",0.116813559322034
214,4.1,2.1,1.42,17,2,"juvenile","chrysurus",214,"Rubble",2.18892921960073
215,3.7,2.3,2,18,2,"juvenile","moluccensis",215,"Pavement",0.648062142273099
215,3.7,2.3,2,18,2,"juvenile","moluccensis",215,"Sand",1.88512035010941
215,3.7,2.3,2,18,2,"juvenile","moluccensis",215,"Algae",0.604561403508772
215,3.7,2.3,2,18,2,"juvenile","moluccensis",215,"Soft.cor",0.773713298791019
215,3.7,2.3,2,18,2,"juvenile","moluccensis",215,"Cbranching",0
215,3.7,2.3,2,18,2,"juvenile","moluccensis",215,"Fbranching",2.28211920529801
215,3.7,2.3,2,18,2,"juvenile","moluccensis",215,"Mcoral",0
215,3.7,2.3,2,18,2,"juvenile","moluccensis",215,"Rubble",1.62606170598911
216,2.9,2.3,2.473333333,25,3,"juvenile","moluccensis",216,"Pavement",1.00730210016155
216,2.9,2.3,2.473333333,25,3,"juvenile","moluccensis",216,"Sand",0
216,2.9,2.3,2.473333333,25,3,"juvenile","moluccensis",216,"Algae",0.46496644295302
216,2.9,2.3,2.473333333,25,3,"juvenile","moluccensis",216,"Soft.cor",1.50281995661605
216,2.9,2.3,2.473333333,25,3,"juvenile","moluccensis",216,"Cbranching",0
216,2.9,2.3,2.473333333,25,3,"juvenile","moluccensis",216,"Fbranching",1.71971631205674
216,2.9,2.3,2.473333333,25,3,"juvenile","moluccensis",216,"Mcoral",1.37382436260623
216,2.9,2.3,2.473333333,25,3,"juvenile","moluccensis",216,"Rubble",0.809616026711185
217,3.9,2,1.46,26,3,"juvenile","amboinensis",217,"Pavement",1.5389337641357
217,3.9,2,1.46,26,3,"juvenile","amboinensis",217,"Sand",0.46496644295302
217,3.9,2,1.46,26,3,"juvenile","amboinensis",217,"Algae",0.23248322147651
217,3.9,2,1.46,26,3,"juvenile","amboinensis",217,"Soft.cor",0.150281995661605
217,3.9,2,1.46,26,3,"juvenile","amboinensis",217,"Cbranching",2.06190476190476
217,3.9,2,1.46,26,3,"juvenile","amboinensis",217,"Fbranching",0.982695035460993
217,3.9,2,1.46,26,3,"juvenile","amboinensis",217,"Mcoral",0
217,3.9,2,1.46,26,3,"juvenile","amboinensis",217,"Rubble",1.38791318864775
218,4.2,1.7,1.946666667,27,3,"juvenile","moluccensis",218,"Pavement",1.84672051696284
218,4.2,1.7,1.946666667,27,3,"juvenile","moluccensis",218,"Sand",0.23248322147651
218,4.2,1.7,1.946666667,27,3,"juvenile","moluccensis",218,"Algae",1.62738255033557
218,4.2,1.7,1.946666667,27,3,"juvenile","moluccensis",218,"Soft.cor",0
218,4.2,1.7,1.946666667,27,3,"juvenile","moluccensis",218,"Cbranching",0.824761904761905
218,4.2,1.7,1.946666667,27,3,"juvenile","moluccensis",218,"Fbranching",0.982695035460993
218,4.2,1.7,1.946666667,27,3,"juvenile","moluccensis",218,"Mcoral",0.490651558073654
218,4.2,1.7,1.946666667,27,3,"juvenile","moluccensis",218,"Rubble",0.520467445742905
219,4.3,1.7,1.64,28,3,"juvenile","chrysurus",219,"Pavement",1.23114701130856
219,4.3,1.7,1.64,28,3,"juvenile","chrysurus",219,"Sand",0.348724832214765
219,4.3,1.7,1.64,28,3,"juvenile","chrysurus",219,"Algae",0
219,4.3,1.7,1.64,28,3,"juvenile","chrysurus",219,"Soft.cor",1.05197396963124
219,4.3,1.7,1.64,28,3,"juvenile","chrysurus",219,"Cbranching",0
219,4.3,1.7,1.64,28,3,"juvenile","chrysurus",219,"Fbranching",0
219,4.3,1.7,1.64,28,3,"juvenile","chrysurus",219,"Mcoral",0.196260623229462
219,4.3,1.7,1.64,28,3,"juvenile","chrysurus",219,"Rubble",2.13969949916528
220,5,1.7,1.54,29,3,"juvenile","chrysurus",220,"Pavement",0.895379644588045
220,5,1.7,1.54,29,3,"juvenile","chrysurus",220,"Sand",1.62738255033557
220,5,1.7,1.54,29,3,"juvenile","chrysurus",220,"Algae",0
220,5,1.7,1.54,29,3,"juvenile","chrysurus",220,"Soft.cor",0
220,5,1.7,1.54,29,3,"juvenile","chrysurus",220,"Cbranching",0
220,5,1.7,1.54,29,3,"juvenile","chrysurus",220,"Fbranching",0
220,5,1.7,1.54,29,3,"juvenile","chrysurus",220,"Mcoral",0.392521246458924
220,5,1.7,1.54,29,3,"juvenile","chrysurus",220,"Rubble",2.8914858096828
221,5,2.7,1.54,30,3,"juvenile","amboinensis",221,"Pavement",1.20316639741519
221,5,2.7,1.54,30,3,"juvenile","amboinensis",221,"Sand",0.92993288590604
221,5,2.7,1.54,30,3,"juvenile","amboinensis",221,"Algae",0
221,5,2.7,1.54,30,3,"juvenile","amboinensis",221,"Soft.cor",1.12711496746204
221,5,2.7,1.54,30,3,"juvenile","amboinensis",221,"Cbranching",0
221,5,2.7,1.54,30,3,"juvenile","amboinensis",221,"Fbranching",0
221,5,2.7,1.54,30,3,"juvenile","amboinensis",221,"Mcoral",1.47195467422096
221,5,2.7,1.54,30,3,"juvenile","amboinensis",221,"Rubble",1.09876460767947
222,3.4,3.5,2.366666667,31,3,"juvenile","moluccensis",222,"Pavement",0.671534733441034
222,3.4,3.5,2.366666667,31,3,"juvenile","moluccensis",222,"Sand",1.16241610738255
222,3.4,3.5,2.366666667,31,3,"juvenile","moluccensis",222,"Algae",0
222,3.4,3.5,2.366666667,31,3,"juvenile","moluccensis",222,"Soft.cor",1.72824295010846
222,3.4,3.5,2.366666667,31,3,"juvenile","moluccensis",222,"Cbranching",0
222,3.4,3.5,2.366666667,31,3,"juvenile","moluccensis",222,"Fbranching",2.82524822695035
222,3.4,3.5,2.366666667,31,3,"juvenile","moluccensis",222,"Mcoral",0.490651558073654
222,3.4,3.5,2.366666667,31,3,"juvenile","moluccensis",222,"Rubble",0.867445742904841
223,4.4,3.3,1.446666667,32,3,"juvenile","amboinensis",223,"Pavement",1.17518578352181
223,4.4,3.3,1.446666667,32,3,"juvenile","amboinensis",223,"Sand",3.48724832214765
223,4.4,3.3,1.446666667,32,3,"juvenile","amboinensis",223,"Algae",0.23248322147651
223,4.4,3.3,1.446666667,32,3,"juvenile","amboinensis",223,"Soft.cor",0.225422993492408
223,4.4,3.3,1.446666667,32,3,"juvenile","amboinensis",223,"Cbranching",0
223,4.4,3.3,1.446666667,32,3,"juvenile","amboinensis",223,"Fbranching",0
223,4.4,3.3,1.446666667,32,3,"juvenile","amboinensis",223,"Mcoral",1.76634560906516
223,4.4,3.3,1.446666667,32,3,"juvenile","amboinensis",223,"Rubble",0.346978297161937
224,4.7,1.7,1.626666667,33,3,"juvenile","chrysurus",224,"Pavement",1.14720516962843
224,4.7,1.7,1.626666667,33,3,"juvenile","chrysurus",224,"Sand",0.348724832214765
224,4.7,1.7,1.626666667,33,3,"juvenile","chrysurus",224,"Algae",1.16241610738255
224,4.7,1.7,1.626666667,33,3,"juvenile","chrysurus",224,"Soft.cor",1.57796095444685
224,4.7,1.7,1.626666667,33,3,"juvenile","chrysurus",224,"Cbranching",0
224,4.7,1.7,1.626666667,33,3,"juvenile","chrysurus",224,"Fbranching",1.22836879432624
224,4.7,1.7,1.626666667,33,3,"juvenile","chrysurus",224,"Mcoral",0.294390934844193
224,4.7,1.7,1.626666667,33,3,"juvenile","chrysurus",224,"Rubble",0.925275459098498
225,3.4,1.7,1.833333333,34,3,"juvenile","moluccensis",225,"Pavement",0.951340872374798
225,3.4,1.7,1.833333333,34,3,"juvenile","moluccensis",225,"Sand",0.116241610738255
225,3.4,1.7,1.833333333,34,3,"juvenile","moluccensis",225,"Algae",0.23248322147651
225,3.4,1.7,1.833333333,34,3,"juvenile","moluccensis",225,"Soft.cor",0.0751409978308026
225,3.4,1.7,1.833333333,34,3,"juvenile","moluccensis",225,"Cbranching",0
225,3.4,1.7,1.833333333,34,3,"juvenile","moluccensis",225,"Fbranching",3.31659574468085
225,3.4,1.7,1.833333333,34,3,"juvenile","moluccensis",225,"Mcoral",1.2756940509915
225,3.4,1.7,1.833333333,34,3,"juvenile","moluccensis",225,"Rubble",1.27225375626043
226,3.3,3.6,1.76,35,3,"juvenile","moluccensis",226,"Pavement",0.39172859450727
226,3.3,3.6,1.76,35,3,"juvenile","moluccensis",226,"Sand",3.25476510067114
226,3.3,3.6,1.76,35,3,"juvenile","moluccensis",226,"Algae",0
226,3.3,3.6,1.76,35,3,"juvenile","moluccensis",226,"Soft.cor",0
226,3.3,3.6,1.76,35,3,"juvenile","moluccensis",226,"Cbranching",0
226,3.3,3.6,1.76,35,3,"juvenile","moluccensis",226,"Fbranching",0.491347517730496
226,3.3,3.6,1.76,35,3,"juvenile","moluccensis",226,"Mcoral",3.43456090651558
226,3.3,3.6,1.76,35,3,"juvenile","moluccensis",226,"Rubble",1.09876460767947
227,4.2,3.6,1.473333333,36,3,"juvenile","amboinensis",227,"Pavement",0.223844911147011
227,4.2,3.6,1.473333333,36,3,"juvenile","amboinensis",227,"Sand",5.92832214765101
227,4.2,3.6,1.473333333,36,3,"juvenile","amboinensis",227,"Algae",0
227,4.2,3.6,1.473333333,36,3,"juvenile","amboinensis",227,"Soft.cor",2.02880694143167
227,4.2,3.6,1.473333333,36,3,"juvenile","amboinensis",227,"Cbranching",0
227,4.2,3.6,1.473333333,36,3,"juvenile","amboinensis",227,"Fbranching",0.982695035460993
227,4.2,3.6,1.473333333,36,3,"juvenile","amboinensis",227,"Mcoral",0
227,4.2,3.6,1.473333333,36,3,"juvenile","amboinensis",227,"Rubble",0.346978297161937
228,4.5,1.5,1.46,37,3,"juvenile","chrysurus",228,"Pavement",1.09124394184168
228,4.5,1.5,1.46,37,3,"juvenile","chrysurus",228,"Sand",0.348724832214765
228,4.5,1.5,1.46,37,3,"juvenile","chrysurus",228,"Algae",1.39489932885906
228,4.5,1.5,1.46,37,3,"juvenile","chrysurus",228,"Soft.cor",2.62993492407809
228,4.5,1.5,1.46,37,3,"juvenile","chrysurus",228,"Cbranching",0
228,4.5,1.5,1.46,37,3,"juvenile","chrysurus",228,"Fbranching",0.122836879432624
228,4.5,1.5,1.46,37,3,"juvenile","chrysurus",228,"Mcoral",0.785042492917847
228,4.5,1.5,1.46,37,3,"juvenile","chrysurus",228,"Rubble",0.404808013355593
229,3.8,2.2,1.486666667,38,3,"juvenile","chrysurus",229,"Pavement",1.23114701130856
229,3.8,2.2,1.486666667,38,3,"juvenile","chrysurus",229,"Sand",1.16241610738255
229,3.8,2.2,1.486666667,38,3,"juvenile","chrysurus",229,"Algae",1.16241610738255
229,3.8,2.2,1.486666667,38,3,"juvenile","chrysurus",229,"Soft.cor",0.751409978308026
229,3.8,2.2,1.486666667,38,3,"juvenile","chrysurus",229,"Cbranching",0
229,3.8,2.2,1.486666667,38,3,"juvenile","chrysurus",229,"Fbranching",0
229,3.8,2.2,1.486666667,38,3,"juvenile","chrysurus",229,"Mcoral",0.686912181303116
229,3.8,2.2,1.486666667,38,3,"juvenile","chrysurus",229,"Rubble",1.38791318864775
230,4,2.6,1.413333333,39,3,"juvenile","amboinensis",230,"Pavement",0.559612277867528
230,4,2.6,1.413333333,39,3,"juvenile","amboinensis",230,"Sand",2.90604026845638
230,4,2.6,1.413333333,39,3,"juvenile","amboinensis",230,"Algae",1.16241610738255
230,4,2.6,1.413333333,39,3,"juvenile","amboinensis",230,"Soft.cor",0
230,4,2.6,1.413333333,39,3,"juvenile","amboinensis",230,"Cbranching",2.06190476190476
230,4,2.6,1.413333333,39,3,"juvenile","amboinensis",230,"Fbranching",0
230,4,2.6,1.413333333,39,3,"juvenile","amboinensis",230,"Mcoral",0
230,4,2.6,1.413333333,39,3,"juvenile","amboinensis",230,"Rubble",2.60233722871452
231,4.5,2.8,1.52,40,2,"juvenile","moluccensis",231,"Pavement",0.394472608340147
231,4.5,2.8,1.52,40,2,"juvenile","moluccensis",231,"Sand",0.150809628008753
231,4.5,2.8,1.52,40,2,"juvenile","moluccensis",231,"Algae",1.81368421052632
231,4.5,2.8,1.52,40,2,"juvenile","moluccensis",231,"Soft.cor",0
231,4.5,2.8,1.52,40,2,"juvenile","moluccensis",231,"Cbranching",0
231,4.5,2.8,1.52,40,2,"juvenile","moluccensis",231,"Fbranching",0
231,4.5,2.8,1.52,40,2,"juvenile","moluccensis",231,"Mcoral",0.116813559322034
231,4.5,2.8,1.52,40,2,"juvenile","moluccensis",231,"Rubble",4.62802177858439
232,4.1,2.9,1.68,41,2,"juvenile","amboinensis",232,"Pavement",0.563532297628782
232,4.1,2.9,1.68,41,2,"juvenile","amboinensis",232,"Sand",2.63916849015317
232,4.1,2.9,1.68,41,2,"juvenile","amboinensis",232,"Algae",0
232,4.1,2.9,1.68,41,2,"juvenile","amboinensis",232,"Soft.cor",0.297582037996546
232,4.1,2.9,1.68,41,2,"juvenile","amboinensis",232,"Cbranching",0
232,4.1,2.9,1.68,41,2,"juvenile","amboinensis",232,"Fbranching",0
232,4.1,2.9,1.68,41,2,"juvenile","amboinensis",232,"Mcoral",4.55572881355932
232,4.1,2.9,1.68,41,2,"juvenile","amboinensis",232,"Rubble",0.062540834845735
233,4.3,2.1,1.586666667,42,2,"juvenile","chrysurus",233,"Pavement",1.52153720359771
233,4.3,2.1,1.586666667,42,2,"juvenile","chrysurus",233,"Sand",1.5835010940919
233,4.3,2.1,1.586666667,42,2,"juvenile","chrysurus",233,"Algae",0.806081871345029
233,4.3,2.1,1.586666667,42,2,"juvenile","chrysurus",233,"Soft.cor",0.654680483592401
233,4.3,2.1,1.586666667,42,2,"juvenile","chrysurus",233,"Cbranching",0
233,4.3,2.1,1.586666667,42,2,"juvenile","chrysurus",233,"Fbranching",0
233,4.3,2.1,1.586666667,42,2,"juvenile","chrysurus",233,"Mcoral",0.233627118644068
233,4.3,2.1,1.586666667,42,2,"juvenile","chrysurus",233,"Rubble",0.50032667876588
234,3.8,1.5,1.846666667,43,2,"juvenile","moluccensis",234,"Pavement",0.704415372035977
234,3.8,1.5,1.846666667,43,2,"juvenile","moluccensis",234,"Sand",0
234,3.8,1.5,1.846666667,43,2,"juvenile","moluccensis",234,"Algae",1.00760233918129
234,3.8,1.5,1.846666667,43,2,"juvenile","moluccensis",234,"Soft.cor",0.595164075993092
234,3.8,1.5,1.846666667,43,2,"juvenile","moluccensis",234,"Cbranching",48.9694736842105
234,3.8,1.5,1.846666667,43,2,"juvenile","moluccensis",234,"Fbranching",0
234,3.8,1.5,1.846666667,43,2,"juvenile","moluccensis",234,"Mcoral",0.350440677966102
234,3.8,1.5,1.846666667,43,2,"juvenile","moluccensis",234,"Rubble",1.75114337568058
235,4.4,1.5,1.76,44,2,"juvenile","chrysurus",235,"Pavement",1.57789043336059
235,4.4,1.5,1.76,44,2,"juvenile","chrysurus",235,"Sand",0.754048140043764
235,4.4,1.5,1.76,44,2,"juvenile","chrysurus",235,"Algae",4.03040935672515
235,4.4,1.5,1.76,44,2,"juvenile","chrysurus",235,"Soft.cor",0.238065630397237
235,4.4,1.5,1.76,44,2,"juvenile","chrysurus",235,"Cbranching",1.81368421052632
235,4.4,1.5,1.76,44,2,"juvenile","chrysurus",235,"Fbranching",0
235,4.4,1.5,1.76,44,2,"juvenile","chrysurus",235,"Mcoral",0.817694915254237
235,4.4,1.5,1.76,44,2,"juvenile","chrysurus",235,"Rubble",0.12508166969147
236,4,1.2,2.033333333,45,2,"juvenile","chrysurus",236,"Pavement",0.845298446443173
236,4,1.2,2.033333333,45,2,"juvenile","chrysurus",236,"Sand",1.43269146608315
236,4,1.2,2.033333333,45,2,"juvenile","chrysurus",236,"Algae",2.21672514619883
236,4,1.2,2.033333333,45,2,"juvenile","chrysurus",236,"Soft.cor",0.476131260794473
236,4,1.2,2.033333333,45,2,"juvenile","chrysurus",236,"Cbranching",7.25473684210526
236,4,1.2,2.033333333,45,2,"juvenile","chrysurus",236,"Fbranching",0.684635761589404
236,4,1.2,2.033333333,45,2,"juvenile","chrysurus",236,"Mcoral",0.467254237288136
236,4,1.2,2.033333333,45,2,"juvenile","chrysurus",236,"Rubble",1.31335753176044
237,4.9,3.1,1.56,46,2,"juvenile","amboinensis",237,"Pavement",1.09888798037612
237,4.9,3.1,1.56,46,2,"juvenile","amboinensis",237,"Sand",2.41295404814004
237,4.9,3.1,1.56,46,2,"juvenile","amboinensis",237,"Algae",0.604561403508772
237,4.9,3.1,1.56,46,2,"juvenile","amboinensis",237,"Soft.cor",0.238065630397237
237,4.9,3.1,1.56,46,2,"juvenile","amboinensis",237,"Cbranching",0
237,4.9,3.1,1.56,46,2,"juvenile","amboinensis",237,"Fbranching",0.912847682119205
237,4.9,3.1,1.56,46,2,"juvenile","amboinensis",237,"Mcoral",0
237,4.9,3.1,1.56,46,2,"juvenile","amboinensis",237,"Rubble",1.12573502722323
238,4.5,2.5,1.553333333,47,2,"juvenile","moluccensis",238,"Pavement",0.140883074407195
238,4.5,2.5,1.553333333,47,2,"juvenile","moluccensis",238,"Sand",0
238,4.5,2.5,1.553333333,47,2,"juvenile","moluccensis",238,"Algae",1.4106432748538
238,4.5,2.5,1.553333333,47,2,"juvenile","moluccensis",238,"Soft.cor",0
238,4.5,2.5,1.553333333,47,2,"juvenile","moluccensis",238,"Cbranching",0
238,4.5,2.5,1.553333333,47,2,"juvenile","moluccensis",238,"Fbranching",0
238,4.5,2.5,1.553333333,47,2,"juvenile","moluccensis",238,"Mcoral",0
238,4.5,2.5,1.553333333,47,2,"juvenile","moluccensis",238,"Rubble",5.50359346642468
239,4.4,2.6,1.513333333,48,2,"juvenile","amboinensis",239,"Pavement",0.394472608340147
239,4.4,2.6,1.513333333,48,2,"juvenile","amboinensis",239,"Sand",2.71457330415755
239,4.4,2.6,1.513333333,48,2,"juvenile","amboinensis",239,"Algae",0
239,4.4,2.6,1.513333333,48,2,"juvenile","amboinensis",239,"Soft.cor",0.595164075993092
239,4.4,2.6,1.513333333,48,2,"juvenile","amboinensis",239,"Cbranching",5.44105263157895
239,4.4,2.6,1.513333333,48,2,"juvenile","amboinensis",239,"Fbranching",0
239,4.4,2.6,1.513333333,48,2,"juvenile","amboinensis",239,"Mcoral",0
239,4.4,2.6,1.513333333,48,2,"juvenile","amboinensis",239,"Rubble",2.3140108892922
240,3.5,2.4,1.68,49,2,"juvenile","moluccensis",240,"Pavement",1.35247751430908
240,3.5,2.4,1.68,49,2,"juvenile","moluccensis",240,"Sand",0.301619256017505
240,3.5,2.4,1.68,49,2,"juvenile","moluccensis",240,"Algae",1.20912280701754
240,3.5,2.4,1.68,49,2,"juvenile","moluccensis",240,"Soft.cor",0.416614853195164
240,3.5,2.4,1.68,49,2,"juvenile","moluccensis",240,"Cbranching",0
240,3.5,2.4,1.68,49,2,"juvenile","moluccensis",240,"Fbranching",2.73854304635762
240,3.5,2.4,1.68,49,2,"juvenile","moluccensis",240,"Mcoral",1.16813559322034
240,3.5,2.4,1.68,49,2,"juvenile","moluccensis",240,"Rubble",0.813030852994555
241,4.6,2.3,1.686666667,50,2,"juvenile","amboinensis",241,"Pavement",0.676238757154538
241,4.6,2.3,1.686666667,50,2,"juvenile","amboinensis",241,"Sand",3.54402625820569
241,4.6,2.3,1.686666667,50,2,"juvenile","amboinensis",241,"Algae",0
241,4.6,2.3,1.686666667,50,2,"juvenile","amboinensis",241,"Soft.cor",0.416614853195164
241,4.6,2.3,1.686666667,50,2,"juvenile","amboinensis",241,"Cbranching",0
241,4.6,2.3,1.686666667,50,2,"juvenile","amboinensis",241,"Fbranching",4.33602649006623
241,4.6,2.3,1.686666667,50,2,"juvenile","amboinensis",241,"Mcoral",0.233627118644068
241,4.6,2.3,1.686666667,50,2,"juvenile","amboinensis",241,"Rubble",0.062540834845735
242,4.2,2,1.3,51,2,"juvenile","chrysurus",242,"Pavement",1.09888798037612
242,4.2,2,1.3,51,2,"juvenile","chrysurus",242,"Sand",1.05566739606127
242,4.2,2,1.3,51,2,"juvenile","chrysurus",242,"Algae",0
242,4.2,2,1.3,51,2,"juvenile","chrysurus",242,"Soft.cor",0.0595164075993092
242,4.2,2,1.3,51,2,"juvenile","chrysurus",242,"Cbranching",0
242,4.2,2,1.3,51,2,"juvenile","chrysurus",242,"Fbranching",0
242,4.2,2,1.3,51,2,"juvenile","chrysurus",242,"Mcoral",0.58406779661017
242,4.2,2,1.3,51,2,"juvenile","chrysurus",242,"Rubble",2.56417422867514
243,4.1,1.8,1.633333333,52,2,"juvenile","amboinensis",243,"Pavement",1.54971381847915
243,4.1,1.8,1.633333333,52,2,"juvenile","amboinensis",243,"Sand",0.904857768052516
243,4.1,1.8,1.633333333,52,2,"juvenile","amboinensis",243,"Algae",0.403040935672515
243,4.1,1.8,1.633333333,52,2,"juvenile","amboinensis",243,"Soft.cor",0
243,4.1,1.8,1.633333333,52,2,"juvenile","amboinensis",243,"Cbranching",5.44105263157895
243,4.1,1.8,1.633333333,52,2,"juvenile","amboinensis",243,"Fbranching",3.19496688741722
243,4.1,1.8,1.633333333,52,2,"juvenile","amboinensis",243,"Mcoral",0.350440677966102
243,4.1,1.8,1.633333333,52,2,"juvenile","amboinensis",243,"Rubble",0.62540834845735
244,4.7,1.9,1.326666667,53,2,"juvenile","amboinensis",244,"Pavement",1.23977105478332
244,4.7,1.9,1.326666667,53,2,"juvenile","amboinensis",244,"Sand",2.63916849015317
244,4.7,1.9,1.326666667,53,2,"juvenile","amboinensis",244,"Algae",0
244,4.7,1.9,1.326666667,53,2,"juvenile","amboinensis",244,"Soft.cor",0
244,4.7,1.9,1.326666667,53,2,"juvenile","amboinensis",244,"Cbranching",0
244,4.7,1.9,1.326666667,53,2,"juvenile","amboinensis",244,"Fbranching",0
244,4.7,1.9,1.326666667,53,2,"juvenile","amboinensis",244,"Mcoral",0
244,4.7,1.9,1.326666667,53,2,"juvenile","amboinensis",244,"Rubble",1.31335753176044
245,4.5,1.8,1.42,54,2,"juvenile","chrysurus",245,"Pavement",0.845298446443173
245,4.5,1.8,1.42,54,2,"juvenile","chrysurus",245,"Sand",3.16700218818381
245,4.5,1.8,1.42,54,2,"juvenile","chrysurus",245,"Algae",0.604561403508772
245,4.5,1.8,1.42,54,2,"juvenile","chrysurus",245,"Soft.cor",0.357098445595855
245,4.5,1.8,1.42,54,2,"juvenile","chrysurus",245,"Cbranching",0
245,4.5,1.8,1.42,54,2,"juvenile","chrysurus",245,"Fbranching",0.912847682119205
245,4.5,1.8,1.42,54,2,"juvenile","chrysurus",245,"Mcoral",1.40176271186441
245,4.5,1.8,1.42,54,2,"juvenile","chrysurus",245,"Rubble",0.187622504537205
246,4.4,2.5,1.433333333,82,2,"juvenile","moluccensis",246,"Pavement",0
246,4.4,2.5,1.433333333,82,2,"juvenile","moluccensis",246,"Sand",0
246,4.4,2.5,1.433333333,82,2,"juvenile","moluccensis",246,"Algae",0.604561403508772
246,4.4,2.5,1.433333333,82,2,"juvenile","moluccensis",246,"Soft.cor",0
246,4.4,2.5,1.433333333,82,2,"juvenile","moluccensis",246,"Cbranching",0
246,4.4,2.5,1.433333333,82,2,"juvenile","moluccensis",246,"Fbranching",0
246,4.4,2.5,1.433333333,82,2,"juvenile","moluccensis",246,"Mcoral",0.116813559322034
246,4.4,2.5,1.433333333,82,2,"juvenile","moluccensis",246,"Rubble",6.00392014519056
247,3.9,3.7,1.273333333,83,2,"juvenile","chrysurus",247,"Pavement",0.92982829108749
247,3.9,3.7,1.273333333,83,2,"juvenile","chrysurus",247,"Sand",3.31781181619256
247,3.9,3.7,1.273333333,83,2,"juvenile","chrysurus",247,"Algae",0
247,3.9,3.7,1.273333333,83,2,"juvenile","chrysurus",247,"Soft.cor",0
247,3.9,3.7,1.273333333,83,2,"juvenile","chrysurus",247,"Cbranching",0
247,3.9,3.7,1.273333333,83,2,"juvenile","chrysurus",247,"Fbranching",0
247,3.9,3.7,1.273333333,83,2,"juvenile","chrysurus",247,"Mcoral",0.233627118644068
247,3.9,3.7,1.273333333,83,2,"juvenile","chrysurus",247,"Rubble",1.31335753176044
248,3.5,3.4,1.76,84,2,"juvenile","moluccensis",248,"Pavement",0.338119378577269
248,3.5,3.4,1.76,84,2,"juvenile","moluccensis",248,"Sand",2.18673960612691
248,3.5,3.4,1.76,84,2,"juvenile","moluccensis",248,"Algae",0
248,3.5,3.4,1.76,84,2,"juvenile","moluccensis",248,"Soft.cor",0.0595164075993092
248,3.5,3.4,1.76,84,2,"juvenile","moluccensis",248,"Cbranching",0
248,3.5,3.4,1.76,84,2,"juvenile","moluccensis",248,"Fbranching",4.10781456953642
248,3.5,3.4,1.76,84,2,"juvenile","moluccensis",248,"Mcoral",4.43891525423729
248,3.5,3.4,1.76,84,2,"juvenile","moluccensis",248,"Rubble",0.12508166969147
249,4.1,2.6,1.833333333,85,2,"juvenile","chrysurus",249,"Pavement",1.32430089942764
249,4.1,2.6,1.833333333,85,2,"juvenile","chrysurus",249,"Sand",0.150809628008753
249,4.1,2.6,1.833333333,85,2,"juvenile","chrysurus",249,"Algae",1.20912280701754
249,4.1,2.6,1.833333333,85,2,"juvenile","chrysurus",249,"Soft.cor",0
249,4.1,2.6,1.833333333,85,2,"juvenile","chrysurus",249,"Cbranching",0
249,4.1,2.6,1.833333333,85,2,"juvenile","chrysurus",249,"Fbranching",1.36927152317881
249,4.1,2.6,1.833333333,85,2,"juvenile","chrysurus",249,"Mcoral",0.934508474576271
249,4.1,2.6,1.833333333,85,2,"juvenile","chrysurus",249,"Rubble",1.87622504537205
250,5.8,3.2,1.28,86,2,"juvenile","amboinensis",250,"Pavement",0.140883074407195
250,5.8,3.2,1.28,86,2,"juvenile","amboinensis",250,"Sand",4.75050328227571
250,5.8,3.2,1.28,86,2,"juvenile","amboinensis",250,"Algae",0
250,5.8,3.2,1.28,86,2,"juvenile","amboinensis",250,"Soft.cor",0
250,5.8,3.2,1.28,86,2,"juvenile","amboinensis",250,"Cbranching",0
250,5.8,3.2,1.28,86,2,"juvenile","amboinensis",250,"Fbranching",0
250,5.8,3.2,1.28,86,2,"juvenile","amboinensis",250,"Mcoral",0
250,5.8,3.2,1.28,86,2,"juvenile","amboinensis",250,"Rubble",2.00130671506352
251,4.4,3.4,1.726666667,87,2,"juvenile","amboinensis",251,"Pavement",0.169059689288635
251,4.4,3.4,1.726666667,87,2,"juvenile","amboinensis",251,"Sand",3.46862144420131
251,4.4,3.4,1.726666667,87,2,"juvenile","amboinensis",251,"Algae",0.403040935672515
251,4.4,3.4,1.726666667,87,2,"juvenile","amboinensis",251,"Soft.cor",1.84500863557858
251,4.4,3.4,1.726666667,87,2,"juvenile","amboinensis",251,"Cbranching",0
251,4.4,3.4,1.726666667,87,2,"juvenile","amboinensis",251,"Fbranching",0.912847682119205
251,4.4,3.4,1.726666667,87,2,"juvenile","amboinensis",251,"Mcoral",0.350440677966102
251,4.4,3.4,1.726666667,87,2,"juvenile","amboinensis",251,"Rubble",0.50032667876588
252,3.2,3.9,1.926666667,88,3,"juvenile","amboinensis",252,"Pavement",0.251825525040388
252,3.2,3.9,1.926666667,88,3,"juvenile","amboinensis",252,"Sand",3.95221476510067
252,3.2,3.9,1.926666667,88,3,"juvenile","amboinensis",252,"Algae",0
252,3.2,3.9,1.926666667,88,3,"juvenile","amboinensis",252,"Soft.cor",1.57796095444685
252,3.2,3.9,1.926666667,88,3,"juvenile","amboinensis",252,"Cbranching",0
252,3.2,3.9,1.926666667,88,3,"juvenile","amboinensis",252,"Fbranching",0.122836879432624
252,3.2,3.9,1.926666667,88,3,"juvenile","amboinensis",252,"Mcoral",0.294390934844193
252,3.2,3.9,1.926666667,88,3,"juvenile","amboinensis",252,"Rubble",1.850550918197
253,3.6,3.2,1.9,89,3,"juvenile","moluccensis",253,"Pavement",1.17518578352181
253,3.6,3.2,1.9,89,3,"juvenile","moluccensis",253,"Sand",1.0461744966443
253,3.6,3.2,1.9,89,3,"juvenile","moluccensis",253,"Algae",0.69744966442953
253,3.6,3.2,1.9,89,3,"juvenile","moluccensis",253,"Soft.cor",1.87852494577007
253,3.6,3.2,1.9,89,3,"juvenile","moluccensis",253,"Cbranching",0
253,3.6,3.2,1.9,89,3,"juvenile","moluccensis",253,"Fbranching",0.491347517730496
253,3.6,3.2,1.9,89,3,"juvenile","moluccensis",253,"Mcoral",0
253,3.6,3.2,1.9,89,3,"juvenile","moluccensis",253,"Rubble",0.983105175292154
254,4.4,3.4,1.466666667,90,3,"juvenile","amboinensis",254,"Pavement",0.839418416801292
254,4.4,3.4,1.466666667,90,3,"juvenile","amboinensis",254,"Sand",4.88214765100671
254,4.4,3.4,1.466666667,90,3,"juvenile","amboinensis",254,"Algae",0
254,4.4,3.4,1.466666667,90,3,"juvenile","amboinensis",254,"Soft.cor",0
254,4.4,3.4,1.466666667,90,3,"juvenile","amboinensis",254,"Cbranching",2.88666666666667
254,4.4,3.4,1.466666667,90,3,"juvenile","amboinensis",254,"Fbranching",0.122836879432624
254,4.4,3.4,1.466666667,90,3,"juvenile","amboinensis",254,"Mcoral",0.0981303116147309
254,4.4,3.4,1.466666667,90,3,"juvenile","amboinensis",254,"Rubble",1.09876460767947
255,4.1,2,2.22,91,3,"juvenile","moluccensis",255,"Pavement",1.11922455573506
255,4.1,2,2.22,91,3,"juvenile","moluccensis",255,"Sand",0.69744966442953
255,4.1,2,2.22,91,3,"juvenile","moluccensis",255,"Algae",0
255,4.1,2,2.22,91,3,"juvenile","moluccensis",255,"Soft.cor",1.87852494577007
255,4.1,2,2.22,91,3,"juvenile","moluccensis",255,"Cbranching",0
255,4.1,2,2.22,91,3,"juvenile","moluccensis",255,"Fbranching",1.22836879432624
255,4.1,2,2.22,91,3,"juvenile","moluccensis",255,"Mcoral",0.0981303116147309
255,4.1,2,2.22,91,3,"juvenile","moluccensis",255,"Rubble",1.04093489148581
256,4.6,1.5,1.273333333,92,3,"juvenile","chrysurus",256,"Pavement",0.78345718901454
256,4.6,1.5,1.273333333,92,3,"juvenile","chrysurus",256,"Sand",0.92993288590604
256,4.6,1.5,1.273333333,92,3,"juvenile","chrysurus",256,"Algae",0
256,4.6,1.5,1.273333333,92,3,"juvenile","chrysurus",256,"Soft.cor",0
256,4.6,1.5,1.273333333,92,3,"juvenile","chrysurus",256,"Cbranching",0
256,4.6,1.5,1.273333333,92,3,"juvenile","chrysurus",256,"Fbranching",0.368510638297872
256,4.6,1.5,1.273333333,92,3,"juvenile","chrysurus",256,"Mcoral",0
256,4.6,1.5,1.273333333,92,3,"juvenile","chrysurus",256,"Rubble",3.52761268781302
257,4.7,1.6,1.5,93,3,"juvenile","chrysurus",257,"Pavement",0.531631663974152
257,4.7,1.6,1.5,93,3,"juvenile","chrysurus",257,"Sand",3.02228187919463
257,4.7,1.6,1.5,93,3,"juvenile","chrysurus",257,"Algae",0
257,4.7,1.6,1.5,93,3,"juvenile","chrysurus",257,"Soft.cor",0.0751409978308026
257,4.7,1.6,1.5,93,3,"juvenile","chrysurus",257,"Cbranching",0
257,4.7,1.6,1.5,93,3,"juvenile","chrysurus",257,"Fbranching",1.10553191489362
257,4.7,1.6,1.5,93,3,"juvenile","chrysurus",257,"Mcoral",0
257,4.7,1.6,1.5,93,3,"juvenile","chrysurus",257,"Rubble",2.54450751252087
258,4,2.7,1.846666667,94,2,"juvenile","moluccensis",258,"Pavement",0.676238757154538
258,4,2.7,1.846666667,94,2,"juvenile","moluccensis",258,"Sand",1.80971553610503
258,4,2.7,1.846666667,94,2,"juvenile","moluccensis",258,"Algae",0
258,4,2.7,1.846666667,94,2,"juvenile","moluccensis",258,"Soft.cor",0.595164075993092
258,4,2.7,1.846666667,94,2,"juvenile","moluccensis",258,"Cbranching",0
258,4,2.7,1.846666667,94,2,"juvenile","moluccensis",258,"Fbranching",3.42317880794702
258,4,2.7,1.846666667,94,2,"juvenile","moluccensis",258,"Mcoral",2.68671186440678
258,4,2.7,1.846666667,94,2,"juvenile","moluccensis",258,"Rubble",0.187622504537205
259,5.1,2.3,3.333333333,95,2,"juvenile","chrysurus",259,"Pavement",1.26794766966476
259,5.1,2.3,3.333333333,95,2,"juvenile","chrysurus",259,"Sand",0
259,5.1,2.3,3.333333333,95,2,"juvenile","chrysurus",259,"Algae",0.604561403508772
259,5.1,2.3,3.333333333,95,2,"juvenile","chrysurus",259,"Soft.cor",0.892746113989637
259,5.1,2.3,3.333333333,95,2,"juvenile","chrysurus",259,"Cbranching",0
259,5.1,2.3,3.333333333,95,2,"juvenile","chrysurus",259,"Fbranching",1.14105960264901
259,5.1,2.3,3.333333333,95,2,"juvenile","chrysurus",259,"Mcoral",2.56989830508475
259,5.1,2.3,3.333333333,95,2,"juvenile","chrysurus",259,"Rubble",0.50032667876588
260,3.9,2,2.38,96,2,"juvenile","moluccensis",260,"Pavement",1.01435813573181
260,3.9,2,2.38,96,2,"juvenile","moluccensis",260,"Sand",0.226214442013129
260,3.9,2,2.38,96,2,"juvenile","moluccensis",260,"Algae",0.604561403508772
260,3.9,2,2.38,96,2,"juvenile","moluccensis",260,"Soft.cor",2.14259067357513
260,3.9,2,2.38,96,2,"juvenile","moluccensis",260,"Cbranching",0
260,3.9,2,2.38,96,2,"juvenile","moluccensis",260,"Fbranching",2.05390728476821
260,3.9,2,2.38,96,2,"juvenile","moluccensis",260,"Mcoral",0.116813559322034
260,3.9,2,2.38,96,2,"juvenile","moluccensis",260,"Rubble",0.75049001814882
261,4.9,1.9,2.206666667,97,2,"juvenile","amboinensis",261,"Pavement",0.253589533932952
261,4.9,1.9,2.206666667,97,2,"juvenile","amboinensis",261,"Sand",2.8653829321663
261,4.9,1.9,2.206666667,97,2,"juvenile","amboinensis",261,"Algae",0
261,4.9,1.9,2.206666667,97,2,"juvenile","amboinensis",261,"Soft.cor",2.67823834196891
261,4.9,1.9,2.206666667,97,2,"juvenile","amboinensis",261,"Cbranching",0
261,4.9,1.9,2.206666667,97,2,"juvenile","amboinensis",261,"Fbranching",0
261,4.9,1.9,2.206666667,97,2,"juvenile","amboinensis",261,"Mcoral",0
261,4.9,1.9,2.206666667,97,2,"juvenile","amboinensis",261,"Rubble",0.50032667876588
262,4,1.5,1.44,98,2,"juvenile","chrysurus",262,"Pavement",1.155241210139
262,4,1.5,1.44,98,2,"juvenile","chrysurus",262,"Sand",0.527833698030635
262,4,1.5,1.44,98,2,"juvenile","chrysurus",262,"Algae",0
262,4,1.5,1.44,98,2,"juvenile","chrysurus",262,"Soft.cor",0
262,4,1.5,1.44,98,2,"juvenile","chrysurus",262,"Cbranching",5.44105263157895
262,4,1.5,1.44,98,2,"juvenile","chrysurus",262,"Fbranching",0.228211920529801
262,4,1.5,1.44,98,2,"juvenile","chrysurus",262,"Mcoral",0.58406779661017
262,4,1.5,1.44,98,2,"juvenile","chrysurus",262,"Rubble",2.68925589836661
263,5.1,1.9,1.36,99,2,"juvenile","amboinensis",263,"Pavement",0.788945216680294
263,5.1,1.9,1.36,99,2,"juvenile","amboinensis",263,"Sand",1.88512035010941
263,5.1,1.9,1.36,99,2,"juvenile","amboinensis",263,"Algae",0.604561403508772
263,5.1,1.9,1.36,99,2,"juvenile","amboinensis",263,"Soft.cor",1.01177892918826
263,5.1,1.9,1.36,99,2,"juvenile","amboinensis",263,"Cbranching",0
263,5.1,1.9,1.36,99,2,"juvenile","amboinensis",263,"Fbranching",0
263,5.1,1.9,1.36,99,2,"juvenile","amboinensis",263,"Mcoral",0
263,5.1,1.9,1.36,99,2,"juvenile","amboinensis",263,"Rubble",1.68860254083485
264,3,3.4,1.493333333,100,3,"juvenile","moluccensis",264,"Pavement",0.727495961227787
264,3,3.4,1.493333333,100,3,"juvenile","moluccensis",264,"Sand",1.85986577181208
264,3,3.4,1.493333333,100,3,"juvenile","moluccensis",264,"Algae",0
264,3,3.4,1.493333333,100,3,"juvenile","moluccensis",264,"Soft.cor",0.375704989154013
264,3,3.4,1.493333333,100,3,"juvenile","moluccensis",264,"Cbranching",0
264,3,3.4,1.493333333,100,3,"juvenile","moluccensis",264,"Fbranching",1.59687943262411
264,3,3.4,1.493333333,100,3,"juvenile","moluccensis",264,"Mcoral",3.53269121813031
264,3,3.4,1.493333333,100,3,"juvenile","moluccensis",264,"Rubble",0.231318864774624
265,2.9,3.8,1.346666667,101,3,"juvenile","amboinensis",265,"Pavement",0.419709208400646
265,2.9,3.8,1.346666667,101,3,"juvenile","amboinensis",265,"Sand",7.67194630872483
265,2.9,3.8,1.346666667,101,3,"juvenile","amboinensis",265,"Algae",0
265,2.9,3.8,1.346666667,101,3,"juvenile","amboinensis",265,"Soft.cor",0
265,2.9,3.8,1.346666667,101,3,"juvenile","amboinensis",265,"Cbranching",0
265,2.9,3.8,1.346666667,101,3,"juvenile","amboinensis",265,"Fbranching",0.859858156028369
265,2.9,3.8,1.346666667,101,3,"juvenile","amboinensis",265,"Mcoral",0.196260623229462
265,2.9,3.8,1.346666667,101,3,"juvenile","amboinensis",265,"Rubble",0.578297161936561
266,4.4,3.1,1.446666667,102,3,"juvenile","moluccensis",266,"Pavement",0.895379644588045
266,4.4,3.1,1.446666667,102,3,"juvenile","moluccensis",266,"Sand",0
266,4.4,3.1,1.446666667,102,3,"juvenile","moluccensis",266,"Algae",0
266,4.4,3.1,1.446666667,102,3,"juvenile","moluccensis",266,"Soft.cor",0
266,4.4,3.1,1.446666667,102,3,"juvenile","moluccensis",266,"Cbranching",0
266,4.4,3.1,1.446666667,102,3,"juvenile","moluccensis",266,"Fbranching",3.43943262411348
266,4.4,3.1,1.446666667,102,3,"juvenile","moluccensis",266,"Mcoral",3.23830028328612
266,4.4,3.1,1.446666667,102,3,"juvenile","moluccensis",266,"Rubble",0.404808013355593
267,3.9,1.4,1.753333333,103,3,"juvenile","chrysurus",267,"Pavement",0.615573505654281
267,3.9,1.4,1.753333333,103,3,"juvenile","chrysurus",267,"Sand",0.69744966442953
267,3.9,1.4,1.753333333,103,3,"juvenile","chrysurus",267,"Algae",0
267,3.9,1.4,1.753333333,103,3,"juvenile","chrysurus",267,"Soft.cor",1.80338394793926
267,3.9,1.4,1.753333333,103,3,"juvenile","chrysurus",267,"Cbranching",0
267,3.9,1.4,1.753333333,103,3,"juvenile","chrysurus",267,"Fbranching",0
267,3.9,1.4,1.753333333,103,3,"juvenile","chrysurus",267,"Mcoral",1.37382436260623
267,3.9,1.4,1.753333333,103,3,"juvenile","chrysurus",267,"Rubble",1.96621035058431
268,4.1,1.2,1.52,104,3,"juvenile","chrysurus",268,"Pavement",1.34306946688207
268,4.1,1.2,1.52,104,3,"juvenile","chrysurus",268,"Sand",0.348724832214765
268,4.1,1.2,1.52,104,3,"juvenile","chrysurus",268,"Algae",0.23248322147651
268,4.1,1.2,1.52,104,3,"juvenile","chrysurus",268,"Soft.cor",1.20225596529284
268,4.1,1.2,1.52,104,3,"juvenile","chrysurus",268,"Cbranching",0
268,4.1,1.2,1.52,104,3,"juvenile","chrysurus",268,"Fbranching",0.122836879432624
268,4.1,1.2,1.52,104,3,"juvenile","chrysurus",268,"Mcoral",1.47195467422096
268,4.1,1.2,1.52,104,3,"juvenile","chrysurus",268,"Rubble",0.867445742904841
269,3,2.6,1.253333333,105,3,"juvenile","amboinensis",269,"Pavement",0
269,3,2.6,1.253333333,105,3,"juvenile","amboinensis",269,"Sand",8.36939597315436
269,3,2.6,1.253333333,105,3,"juvenile","amboinensis",269,"Algae",0
269,3,2.6,1.253333333,105,3,"juvenile","amboinensis",269,"Soft.cor",0
269,3,2.6,1.253333333,105,3,"juvenile","amboinensis",269,"Cbranching",2.06190476190476
269,3,2.6,1.253333333,105,3,"juvenile","amboinensis",269,"Fbranching",0
269,3,2.6,1.253333333,105,3,"juvenile","amboinensis",269,"Mcoral",0
269,3,2.6,1.253333333,105,3,"juvenile","amboinensis",269,"Rubble",1.33008347245409
270,2.9,3.7,1.633333333,127,3,"juvenile","amboinensis",270,"Pavement",0.279806138933764
270,2.9,3.7,1.633333333,127,3,"juvenile","amboinensis",270,"Sand",4.53342281879195
270,2.9,3.7,1.633333333,127,3,"juvenile","amboinensis",270,"Algae",0
270,2.9,3.7,1.633333333,127,3,"juvenile","amboinensis",270,"Soft.cor",0.225422993492408
270,2.9,3.7,1.633333333,127,3,"juvenile","amboinensis",270,"Cbranching",0
270,2.9,3.7,1.633333333,127,3,"juvenile","amboinensis",270,"Fbranching",0.245673758865248
270,2.9,3.7,1.633333333,127,3,"juvenile","amboinensis",270,"Mcoral",0
270,2.9,3.7,1.633333333,127,3,"juvenile","amboinensis",270,"Rubble",2.66016694490818
271,2.7,3.4,2.54,128,3,"juvenile","amboinensis",271,"Pavement",0.671534733441034
271,2.7,3.4,2.54,128,3,"juvenile","amboinensis",271,"Sand",2.67355704697987
271,2.7,3.4,2.54,128,3,"juvenile","amboinensis",271,"Algae",0.46496644295302
271,2.7,3.4,2.54,128,3,"juvenile","amboinensis",271,"Soft.cor",0.751409978308026
271,2.7,3.4,2.54,128,3,"juvenile","amboinensis",271,"Cbranching",0
271,2.7,3.4,2.54,128,3,"juvenile","amboinensis",271,"Fbranching",0.245673758865248
271,2.7,3.4,2.54,128,3,"juvenile","amboinensis",271,"Mcoral",3.33643059490085
271,2.7,3.4,2.54,128,3,"juvenile","amboinensis",271,"Rubble",0.231318864774624
272,3.5,3.5,1.74,129,3,"juvenile","moluccensis",272,"Pavement",0.615573505654281
272,3.5,3.5,1.74,129,3,"juvenile","moluccensis",272,"Sand",3.48724832214765
272,3.5,3.5,1.74,129,3,"juvenile","moluccensis",272,"Algae",1.16241610738255
272,3.5,3.5,1.74,129,3,"juvenile","moluccensis",272,"Soft.cor",0.525986984815618
272,3.5,3.5,1.74,129,3,"juvenile","moluccensis",272,"Cbranching",0
272,3.5,3.5,1.74,129,3,"juvenile","moluccensis",272,"Fbranching",1.96539007092199
272,3.5,3.5,1.74,129,3,"juvenile","moluccensis",272,"Mcoral",0.392521246458924
272,3.5,3.5,1.74,129,3,"juvenile","moluccensis",272,"Rubble",0.925275459098498
273,3.8,3.2,1.853333333,130,3,"juvenile","moluccensis",273,"Pavement",0.755476575121163
273,3.8,3.2,1.853333333,130,3,"juvenile","moluccensis",273,"Sand",2.20859060402685
273,3.8,3.2,1.853333333,130,3,"juvenile","moluccensis",273,"Algae",0.46496644295302
273,3.8,3.2,1.853333333,130,3,"juvenile","moluccensis",273,"Soft.cor",1.87852494577007
273,3.8,3.2,1.853333333,130,3,"juvenile","moluccensis",273,"Cbranching",0
273,3.8,3.2,1.853333333,130,3,"juvenile","moluccensis",273,"Fbranching",1.96539007092199
273,3.8,3.2,1.853333333,130,3,"juvenile","moluccensis",273,"Mcoral",0
273,3.8,3.2,1.853333333,130,3,"juvenile","moluccensis",273,"Rubble",0.636126878130217
274,2.9,1.8,1.62,131,3,"juvenile","chrysurus",274,"Pavement",1.65085621970921
274,2.9,1.8,1.62,131,3,"juvenile","chrysurus",274,"Sand",0.46496644295302
274,2.9,1.8,1.62,131,3,"juvenile","chrysurus",274,"Algae",0
274,2.9,1.8,1.62,131,3,"juvenile","chrysurus",274,"Soft.cor",0
274,2.9,1.8,1.62,131,3,"juvenile","chrysurus",274,"Cbranching",1.23714285714286
274,2.9,1.8,1.62,131,3,"juvenile","chrysurus",274,"Fbranching",0.491347517730496
274,2.9,1.8,1.62,131,3,"juvenile","chrysurus",274,"Mcoral",0.686912181303116
274,2.9,1.8,1.62,131,3,"juvenile","chrysurus",274,"Rubble",1.33008347245409
275,3.3,1.4,1.633333333,132,3,"juvenile","chrysurus",275,"Pavement",0.867399030694669
275,3.3,1.4,1.633333333,132,3,"juvenile","chrysurus",275,"Sand",1.97610738255034
275,3.3,1.4,1.633333333,132,3,"juvenile","chrysurus",275,"Algae",0.92993288590604
275,3.3,1.4,1.633333333,132,3,"juvenile","chrysurus",275,"Soft.cor",1.35253796095445
275,3.3,1.4,1.633333333,132,3,"juvenile","chrysurus",275,"Cbranching",0
275,3.3,1.4,1.633333333,132,3,"juvenile","chrysurus",275,"Fbranching",0
275,3.3,1.4,1.633333333,132,3,"juvenile","chrysurus",275,"Mcoral",0.588781869688385
275,3.3,1.4,1.633333333,132,3,"juvenile","chrysurus",275,"Rubble",1.38791318864775
276,4,1.7,1.953333333,139,3,"juvenile","moluccensis",276,"Pavement",1.67883683360258
276,4,1.7,1.953333333,139,3,"juvenile","moluccensis",276,"Sand",0
276,4,1.7,1.953333333,139,3,"juvenile","moluccensis",276,"Algae",0.46496644295302
276,4,1.7,1.953333333,139,3,"juvenile","moluccensis",276,"Soft.cor",0.0751409978308026
276,4,1.7,1.953333333,139,3,"juvenile","moluccensis",276,"Cbranching",5.36095238095238
276,4,1.7,1.953333333,139,3,"juvenile","moluccensis",276,"Fbranching",0.614184397163121
276,4,1.7,1.953333333,139,3,"juvenile","moluccensis",276,"Mcoral",1.57008498583569
276,4,1.7,1.953333333,139,3,"juvenile","moluccensis",276,"Rubble",0
277,3.1,1.6,1.926666667,140,3,"juvenile","chrysurus",277,"Pavement",0.979321486268175
277,3.1,1.6,1.926666667,140,3,"juvenile","chrysurus",277,"Sand",1.27865771812081
277,3.1,1.6,1.926666667,140,3,"juvenile","chrysurus",277,"Algae",1.39489932885906
277,3.1,1.6,1.926666667,140,3,"juvenile","chrysurus",277,"Soft.cor",0.976832971800434
277,3.1,1.6,1.926666667,140,3,"juvenile","chrysurus",277,"Cbranching",0
277,3.1,1.6,1.926666667,140,3,"juvenile","chrysurus",277,"Fbranching",0.614184397163121
277,3.1,1.6,1.926666667,140,3,"juvenile","chrysurus",277,"Mcoral",0.392521246458924
277,3.1,1.6,1.926666667,140,3,"juvenile","chrysurus",277,"Rubble",1.4457429048414
278,3.5,2.9,1.573333333,141,3,"juvenile","amboinensis",278,"Pavement",0.531631663974152
278,3.5,2.9,1.573333333,141,3,"juvenile","amboinensis",278,"Sand",3.95221476510067
278,3.5,2.9,1.573333333,141,3,"juvenile","amboinensis",278,"Algae",0.23248322147651
278,3.5,2.9,1.573333333,141,3,"juvenile","amboinensis",278,"Soft.cor",0.30056399132321
278,3.5,2.9,1.573333333,141,3,"juvenile","amboinensis",278,"Cbranching",0
278,3.5,2.9,1.573333333,141,3,"juvenile","amboinensis",278,"Fbranching",0.245673758865248
278,3.5,2.9,1.573333333,141,3,"juvenile","amboinensis",278,"Mcoral",0.392521246458924
278,3.5,2.9,1.573333333,141,3,"juvenile","amboinensis",278,"Rubble",2.08186978297162
279,3.4,3,1.573333333,142,2,"juvenile","amboinensis",279,"Pavement",0.169059689288635
279,3.4,3,1.573333333,142,2,"juvenile","amboinensis",279,"Sand",4.29807439824945
279,3.4,3,1.573333333,142,2,"juvenile","amboinensis",279,"Algae",0
279,3.4,3,1.573333333,142,2,"juvenile","amboinensis",279,"Soft.cor",0.0595164075993092
279,3.4,3,1.573333333,142,2,"juvenile","amboinensis",279,"Cbranching",0
279,3.4,3,1.573333333,142,2,"juvenile","amboinensis",279,"Fbranching",1.14105960264901
279,3.4,3,1.573333333,142,2,"juvenile","amboinensis",279,"Mcoral",0
279,3.4,3,1.573333333,142,2,"juvenile","amboinensis",279,"Rubble",1.93876588021779
280,4.6,1.8,1.733333333,143,2,"juvenile","moluccensis",280,"Pavement",0.112706459525756
280,4.6,1.8,1.733333333,143,2,"juvenile","moluccensis",280,"Sand",0
280,4.6,1.8,1.733333333,143,2,"juvenile","moluccensis",280,"Algae",2.01520467836257
280,4.6,1.8,1.733333333,143,2,"juvenile","moluccensis",280,"Soft.cor",0
280,4.6,1.8,1.733333333,143,2,"juvenile","moluccensis",280,"Cbranching",0
280,4.6,1.8,1.733333333,143,2,"juvenile","moluccensis",280,"Fbranching",0
280,4.6,1.8,1.733333333,143,2,"juvenile","moluccensis",280,"Mcoral",0
280,4.6,1.8,1.733333333,143,2,"juvenile","moluccensis",280,"Rubble",5.37851179673321
281,3.6,1.7,1.866666667,144,2,"juvenile","moluccensis",281,"Pavement",0.760768601798855
281,3.6,1.7,1.866666667,144,2,"juvenile","moluccensis",281,"Sand",0
281,3.6,1.7,1.866666667,144,2,"juvenile","moluccensis",281,"Algae",0.604561403508772
281,3.6,1.7,1.866666667,144,2,"juvenile","moluccensis",281,"Soft.cor",0.0595164075993092
281,3.6,1.7,1.866666667,144,2,"juvenile","moluccensis",281,"Cbranching",0
281,3.6,1.7,1.866666667,144,2,"juvenile","moluccensis",281,"Fbranching",1.14105960264901
281,3.6,1.7,1.866666667,144,2,"juvenile","moluccensis",281,"Mcoral",7.47606779661017
281,3.6,1.7,1.866666667,144,2,"juvenile","moluccensis",281,"Rubble",0
282,3.3,1.6,1.513333333,145,2,"juvenile","chrysurus",282,"Pavement",0.817121831561733
282,3.3,1.6,1.513333333,145,2,"juvenile","chrysurus",282,"Sand",0.226214442013129
282,3.3,1.6,1.513333333,145,2,"juvenile","chrysurus",282,"Algae",1.20912280701754
282,3.3,1.6,1.513333333,145,2,"juvenile","chrysurus",282,"Soft.cor",0.595164075993092
282,3.3,1.6,1.513333333,145,2,"juvenile","chrysurus",282,"Cbranching",0
282,3.3,1.6,1.513333333,145,2,"juvenile","chrysurus",282,"Fbranching",1.36927152317881
282,3.3,1.6,1.513333333,145,2,"juvenile","chrysurus",282,"Mcoral",1.40176271186441
282,3.3,1.6,1.513333333,145,2,"juvenile","chrysurus",282,"Rubble",2.12638838475499
283,4.2,1.5,1.86,146,2,"juvenile","moluccensis",283,"Pavement",0.92982829108749
283,4.2,1.5,1.86,146,2,"juvenile","moluccensis",283,"Sand",0.226214442013129
283,4.2,1.5,1.86,146,2,"juvenile","moluccensis",283,"Algae",2.8212865497076
283,4.2,1.5,1.86,146,2,"juvenile","moluccensis",283,"Soft.cor",0.535647668393782
283,4.2,1.5,1.86,146,2,"juvenile","moluccensis",283,"Cbranching",0
283,4.2,1.5,1.86,146,2,"juvenile","moluccensis",283,"Fbranching",0.456423841059603
283,4.2,1.5,1.86,146,2,"juvenile","moluccensis",283,"Mcoral",1.75220338983051
283,4.2,1.5,1.86,146,2,"juvenile","moluccensis",283,"Rubble",1.50098003629764
284,4.2,1.6,1.6,147,2,"juvenile","moluccensis",284,"Pavement",0.873475061324612
284,4.2,1.6,1.6,147,2,"juvenile","moluccensis",284,"Sand",0.150809628008753
284,4.2,1.6,1.6,147,2,"juvenile","moluccensis",284,"Algae",0
284,4.2,1.6,1.6,147,2,"juvenile","moluccensis",284,"Soft.cor",0.178549222797927
284,4.2,1.6,1.6,147,2,"juvenile","moluccensis",284,"Cbranching",1.81368421052632
284,4.2,1.6,1.6,147,2,"juvenile","moluccensis",284,"Fbranching",2.73854304635762
284,4.2,1.6,1.6,147,2,"juvenile","moluccensis",284,"Mcoral",5.72386440677966
284,4.2,1.6,1.6,147,2,"juvenile","moluccensis",284,"Rubble",0
285,3.2,2.1,2.086666667,148,2,"juvenile","amboinensis",285,"Pavement",0.281766148814391
285,3.2,2.1,2.086666667,148,2,"juvenile","amboinensis",285,"Sand",0.150809628008753
285,3.2,2.1,2.086666667,148,2,"juvenile","amboinensis",285,"Algae",0
285,3.2,2.1,2.086666667,148,2,"juvenile","amboinensis",285,"Soft.cor",3.98759930915371
285,3.2,2.1,2.086666667,148,2,"juvenile","amboinensis",285,"Cbranching",0
285,3.2,2.1,2.086666667,148,2,"juvenile","amboinensis",285,"Fbranching",0
285,3.2,2.1,2.086666667,148,2,"juvenile","amboinensis",285,"Mcoral",1.75220338983051
285,3.2,2.1,2.086666667,148,2,"juvenile","amboinensis",285,"Rubble",0.37524500907441
286,4.1,1.8,1.533333333,149,2,"juvenile","chrysurus",286,"Pavement",0.901651676206051
286,4.1,1.8,1.533333333,149,2,"juvenile","chrysurus",286,"Sand",1.88512035010941
286,4.1,1.8,1.533333333,149,2,"juvenile","chrysurus",286,"Algae",1.00760233918129
286,4.1,1.8,1.533333333,149,2,"juvenile","chrysurus",286,"Soft.cor",0.71419689119171
286,4.1,1.8,1.533333333,149,2,"juvenile","chrysurus",286,"Cbranching",1.81368421052632
286,4.1,1.8,1.533333333,149,2,"juvenile","chrysurus",286,"Fbranching",1.36927152317881
286,4.1,1.8,1.533333333,149,2,"juvenile","chrysurus",286,"Mcoral",0.58406779661017
286,4.1,1.8,1.533333333,149,2,"juvenile","chrysurus",286,"Rubble",0.75049001814882
287,3.7,1.9,1.44,150,2,"juvenile","chrysurus",287,"Pavement",0.873475061324612
287,3.7,1.9,1.44,150,2,"juvenile","chrysurus",287,"Sand",0.603238512035011
287,3.7,1.9,1.44,150,2,"juvenile","chrysurus",287,"Algae",1.00760233918129
287,3.7,1.9,1.44,150,2,"juvenile","chrysurus",287,"Soft.cor",0.535647668393782
287,3.7,1.9,1.44,150,2,"juvenile","chrysurus",287,"Cbranching",0
287,3.7,1.9,1.44,150,2,"juvenile","chrysurus",287,"Fbranching",0.456423841059603
287,3.7,1.9,1.44,150,2,"juvenile","chrysurus",287,"Mcoral",0.934508474576271
287,3.7,1.9,1.44,150,2,"juvenile","chrysurus",287,"Rubble",2.3140108892922
288,3.6,3.7,1.5,169,3,"juvenile","amboinensis",288,"Pavement",0.839418416801292
288,3.6,3.7,1.5,169,3,"juvenile","amboinensis",288,"Sand",6.27704697986577
288,3.6,3.7,1.5,169,3,"juvenile","amboinensis",288,"Algae",0
288,3.6,3.7,1.5,169,3,"juvenile","amboinensis",288,"Soft.cor",0
288,3.6,3.7,1.5,169,3,"juvenile","amboinensis",288,"Cbranching",0
288,3.6,3.7,1.5,169,3,"juvenile","amboinensis",288,"Fbranching",1.35120567375887
288,3.6,3.7,1.5,169,3,"juvenile","amboinensis",288,"Mcoral",0
288,3.6,3.7,1.5,169,3,"juvenile","amboinensis",288,"Rubble",0.28914858096828
289,4.5,2.5,1.673333333,170,3,"juvenile","moluccensis",289,"Pavement",1.67883683360258
289,4.5,2.5,1.673333333,170,3,"juvenile","moluccensis",289,"Sand",0.23248322147651
289,4.5,2.5,1.673333333,170,3,"juvenile","moluccensis",289,"Algae",0
289,4.5,2.5,1.673333333,170,3,"juvenile","moluccensis",289,"Soft.cor",0
289,4.5,2.5,1.673333333,170,3,"juvenile","moluccensis",289,"Cbranching",0
289,4.5,2.5,1.673333333,170,3,"juvenile","moluccensis",289,"Fbranching",1.84255319148936
289,4.5,2.5,1.673333333,170,3,"juvenile","moluccensis",289,"Mcoral",1.66821529745042
289,4.5,2.5,1.673333333,170,3,"juvenile","moluccensis",289,"Rubble",0.173489148580968
290,4.9,3.4,2.413333333,171,3,"juvenile","moluccensis",290,"Pavement",0.895379644588045
290,4.9,3.4,2.413333333,171,3,"juvenile","moluccensis",290,"Sand",3.13852348993289
290,4.9,3.4,2.413333333,171,3,"juvenile","moluccensis",290,"Algae",0.23248322147651
290,4.9,3.4,2.413333333,171,3,"juvenile","moluccensis",290,"Soft.cor",0.225422993492408
290,4.9,3.4,2.413333333,171,3,"juvenile","moluccensis",290,"Cbranching",0
290,4.9,3.4,2.413333333,171,3,"juvenile","moluccensis",290,"Fbranching",0.982695035460993
290,4.9,3.4,2.413333333,171,3,"juvenile","moluccensis",290,"Mcoral",1.96260623229462
290,4.9,3.4,2.413333333,171,3,"juvenile","moluccensis",290,"Rubble",0.462637729549249
291,4.4,2,2.246666667,172,3,"juvenile","moluccensis",291,"Pavement",0.503651050080775
291,4.4,2,2.246666667,172,3,"juvenile","moluccensis",291,"Sand",0
291,4.4,2,2.246666667,172,3,"juvenile","moluccensis",291,"Algae",0.46496644295302
291,4.4,2,2.246666667,172,3,"juvenile","moluccensis",291,"Soft.cor",1.95366594360087
291,4.4,2,2.246666667,172,3,"juvenile","moluccensis",291,"Cbranching",0
291,4.4,2,2.246666667,172,3,"juvenile","moluccensis",291,"Fbranching",3.0709219858156
291,4.4,2,2.246666667,172,3,"juvenile","moluccensis",291,"Mcoral",0
291,4.4,2,2.246666667,172,3,"juvenile","moluccensis",291,"Rubble",1.67706176961603
292,4.2,1.2,1.626666667,173,3,"juvenile","chrysurus",292,"Pavement",1.39903069466882
292,4.2,1.2,1.626666667,173,3,"juvenile","chrysurus",292,"Sand",0.348724832214765
292,4.2,1.2,1.626666667,173,3,"juvenile","chrysurus",292,"Algae",0.46496644295302
292,4.2,1.2,1.626666667,173,3,"juvenile","chrysurus",292,"Soft.cor",0.150281995661605
292,4.2,1.2,1.626666667,173,3,"juvenile","chrysurus",292,"Cbranching",0
292,4.2,1.2,1.626666667,173,3,"juvenile","chrysurus",292,"Fbranching",0
292,4.2,1.2,1.626666667,173,3,"juvenile","chrysurus",292,"Mcoral",1.96260623229462
292,4.2,1.2,1.626666667,173,3,"juvenile","chrysurus",292,"Rubble",1.33008347245409
293,3,1.7,1.746666667,174,3,"juvenile","chrysurus",293,"Pavement",1.03528271405493
293,3,1.7,1.746666667,174,3,"juvenile","chrysurus",293,"Sand",1.27865771812081
293,3,1.7,1.746666667,174,3,"juvenile","chrysurus",293,"Algae",0.92993288590604
293,3,1.7,1.746666667,174,3,"juvenile","chrysurus",293,"Soft.cor",0.225422993492408
293,3,1.7,1.746666667,174,3,"juvenile","chrysurus",293,"Cbranching",1.64952380952381
293,3,1.7,1.746666667,174,3,"juvenile","chrysurus",293,"Fbranching",0.737021276595745
293,3,1.7,1.746666667,174,3,"juvenile","chrysurus",293,"Mcoral",0
293,3,1.7,1.746666667,174,3,"juvenile","chrysurus",293,"Rubble",2.02404006677796
294,3.3,1.8,1.713333333,175,3,"juvenile","amboinensis",294,"Pavement",1.28710823909532
294,3.3,1.8,1.713333333,175,3,"juvenile","amboinensis",294,"Sand",0.581208053691275
294,3.3,1.8,1.713333333,175,3,"juvenile","amboinensis",294,"Algae",0
294,3.3,1.8,1.713333333,175,3,"juvenile","amboinensis",294,"Soft.cor",0.375704989154013
294,3.3,1.8,1.713333333,175,3,"juvenile","amboinensis",294,"Cbranching",0
294,3.3,1.8,1.713333333,175,3,"juvenile","amboinensis",294,"Fbranching",1.59687943262411
294,3.3,1.8,1.713333333,175,3,"juvenile","amboinensis",294,"Mcoral",0.196260623229462
294,3.3,1.8,1.713333333,175,3,"juvenile","amboinensis",294,"Rubble",1.67706176961603
295,4.5,1.5,1.666666667,176,3,"juvenile","chrysurus",295,"Pavement",0.979321486268175
295,4.5,1.5,1.666666667,176,3,"juvenile","chrysurus",295,"Sand",1.27865771812081
295,4.5,1.5,1.666666667,176,3,"juvenile","chrysurus",295,"Algae",2.09234899328859
295,4.5,1.5,1.666666667,176,3,"juvenile","chrysurus",295,"Soft.cor",0.225422993492408
295,4.5,1.5,1.666666667,176,3,"juvenile","chrysurus",295,"Cbranching",0
295,4.5,1.5,1.666666667,176,3,"juvenile","chrysurus",295,"Fbranching",1.47404255319149
295,4.5,1.5,1.666666667,176,3,"juvenile","chrysurus",295,"Mcoral",1.07943342776204
295,4.5,1.5,1.666666667,176,3,"juvenile","chrysurus",295,"Rubble",1.04093489148581
296,3.2,3.6,1.933333333,177,3,"juvenile","amboinensis",296,"Pavement",0.223844911147011
296,3.2,3.6,1.933333333,177,3,"juvenile","amboinensis",296,"Sand",4.41718120805369
296,3.2,3.6,1.933333333,177,3,"juvenile","amboinensis",296,"Algae",0
296,3.2,3.6,1.933333333,177,3,"juvenile","amboinensis",296,"Soft.cor",1.87852494577007
296,3.2,3.6,1.933333333,177,3,"juvenile","amboinensis",296,"Cbranching",0
296,3.2,3.6,1.933333333,177,3,"juvenile","amboinensis",296,"Fbranching",0
296,3.2,3.6,1.933333333,177,3,"juvenile","amboinensis",296,"Mcoral",0.0981303116147309
296,3.2,3.6,1.933333333,177,3,"juvenile","amboinensis",296,"Rubble",1.61923205342237
297,3.5,3.2,1.453333333,178,2,"juvenile","amboinensis",297,"Pavement",1.01435813573181
297,3.5,3.2,1.453333333,178,2,"juvenile","amboinensis",297,"Sand",3.39321663019694
297,3.5,3.2,1.453333333,178,2,"juvenile","amboinensis",297,"Algae",0
297,3.5,3.2,1.453333333,178,2,"juvenile","amboinensis",297,"Soft.cor",0.476131260794473
297,3.5,3.2,1.453333333,178,2,"juvenile","amboinensis",297,"Cbranching",0
297,3.5,3.2,1.453333333,178,2,"juvenile","amboinensis",297,"Fbranching",0
297,3.5,3.2,1.453333333,178,2,"juvenile","amboinensis",297,"Mcoral",0
297,3.5,3.2,1.453333333,178,2,"juvenile","amboinensis",297,"Rubble",0.687949183303085
298,4.4,3,1.693333333,179,2,"juvenile","amboinensis",298,"Pavement",0.450825838103025
298,4.4,3,1.693333333,179,2,"juvenile","amboinensis",298,"Sand",3.16700218818381
298,4.4,3,1.693333333,179,2,"juvenile","amboinensis",298,"Algae",0.403040935672515
298,4.4,3,1.693333333,179,2,"juvenile","amboinensis",298,"Soft.cor",0.773713298791019
298,4.4,3,1.693333333,179,2,"juvenile","amboinensis",298,"Cbranching",0
298,4.4,3,1.693333333,179,2,"juvenile","amboinensis",298,"Fbranching",0
298,4.4,3,1.693333333,179,2,"juvenile","amboinensis",298,"Mcoral",2.80352542372881
298,4.4,3,1.693333333,179,2,"juvenile","amboinensis",298,"Rubble",0.187622504537205
299,4.5,1.8,2.526666667,180,2,"juvenile","moluccensis",299,"Pavement",0.676238757154538
299,4.5,1.8,2.526666667,180,2,"juvenile","moluccensis",299,"Sand",0.527833698030635
299,4.5,1.8,2.526666667,180,2,"juvenile","moluccensis",299,"Algae",0.201520467836257
299,4.5,1.8,2.526666667,180,2,"juvenile","moluccensis",299,"Soft.cor",0.119032815198618
299,4.5,1.8,2.526666667,180,2,"juvenile","moluccensis",299,"Cbranching",52.5968421052632
299,4.5,1.8,2.526666667,180,2,"juvenile","moluccensis",299,"Fbranching",0
299,4.5,1.8,2.526666667,180,2,"juvenile","moluccensis",299,"Mcoral",0
299,4.5,1.8,2.526666667,180,2,"juvenile","moluccensis",299,"Rubble",2.3140108892922
300,4.2,2,1.52,181,2,"juvenile","chrysurus",300,"Pavement",1.21159443990188
300,4.2,2,1.52,181,2,"juvenile","chrysurus",300,"Sand",0.452428884026258
300,4.2,2,1.52,181,2,"juvenile","chrysurus",300,"Algae",1.81368421052632
300,4.2,2,1.52,181,2,"juvenile","chrysurus",300,"Soft.cor",1.72597582037997
300,4.2,2,1.52,181,2,"juvenile","chrysurus",300,"Cbranching",0
300,4.2,2,1.52,181,2,"juvenile","chrysurus",300,"Fbranching",0
300,4.2,2,1.52,181,2,"juvenile","chrysurus",300,"Mcoral",0
300,4.2,2,1.52,181,2,"juvenile","chrysurus",300,"Rubble",0.75049001814882
301,3.8,1.6,1.666666667,182,2,"juvenile","chrysurus",301,"Pavement",0.958004905968929
301,3.8,1.6,1.666666667,182,2,"juvenile","chrysurus",301,"Sand",0.150809628008753
301,3.8,1.6,1.666666667,182,2,"juvenile","chrysurus",301,"Algae",1.81368421052632
301,3.8,1.6,1.666666667,182,2,"juvenile","chrysurus",301,"Soft.cor",0.238065630397237
301,3.8,1.6,1.666666667,182,2,"juvenile","chrysurus",301,"Cbranching",0
301,3.8,1.6,1.666666667,182,2,"juvenile","chrysurus",301,"Fbranching",0
301,3.8,1.6,1.666666667,182,2,"juvenile","chrysurus",301,"Mcoral",0.233627118644068
301,3.8,1.6,1.666666667,182,2,"juvenile","chrysurus",301,"Rubble",3.06450090744102
302,4.3,1.9,1.726666667,183,2,"juvenile","chrysurus",302,"Pavement",0.281766148814391
302,4.3,1.9,1.726666667,183,2,"juvenile","chrysurus",302,"Sand",2.63916849015317
302,4.3,1.9,1.726666667,183,2,"juvenile","chrysurus",302,"Algae",0.201520467836257
302,4.3,1.9,1.726666667,183,2,"juvenile","chrysurus",302,"Soft.cor",2.85678756476684
302,4.3,1.9,1.726666667,183,2,"juvenile","chrysurus",302,"Cbranching",0
302,4.3,1.9,1.726666667,183,2,"juvenile","chrysurus",302,"Fbranching",0.912847682119205
302,4.3,1.9,1.726666667,183,2,"juvenile","chrysurus",302,"Mcoral",0.116813559322034
302,4.3,1.9,1.726666667,183,2,"juvenile","chrysurus",302,"Rubble",0.062540834845735
303,3.5,2,1.706666667,184,2,"juvenile","moluccensis",303,"Pavement",1.63424366312347
303,3.5,2,1.706666667,184,2,"juvenile","moluccensis",303,"Sand",0.754048140043764
303,3.5,2,1.706666667,184,2,"juvenile","moluccensis",303,"Algae",0.604561403508772
303,3.5,2,1.706666667,184,2,"juvenile","moluccensis",303,"Soft.cor",0.0595164075993092
303,3.5,2,1.706666667,184,2,"juvenile","moluccensis",303,"Cbranching",1.81368421052632
303,3.5,2,1.706666667,184,2,"juvenile","moluccensis",303,"Fbranching",4.33602649006623
303,3.5,2,1.706666667,184,2,"juvenile","moluccensis",303,"Mcoral",0.116813559322034
303,3.5,2,1.706666667,184,2,"juvenile","moluccensis",303,"Rubble",0.437785843920145
304,3.9,2.3,1.96,185,2,"juvenile","moluccensis",304,"Pavement",1.04253475061325
304,3.9,2.3,1.96,185,2,"juvenile","moluccensis",304,"Sand",0
304,3.9,2.3,1.96,185,2,"juvenile","moluccensis",304,"Algae",1.20912280701754
304,3.9,2.3,1.96,185,2,"juvenile","moluccensis",304,"Soft.cor",0.71419689119171
304,3.9,2.3,1.96,185,2,"juvenile","moluccensis",304,"Cbranching",1.81368421052632
304,3.9,2.3,1.96,185,2,"juvenile","moluccensis",304,"Fbranching",3.65139072847682
304,3.9,2.3,1.96,185,2,"juvenile","moluccensis",304,"Mcoral",1.05132203389831
304,3.9,2.3,1.96,185,2,"juvenile","moluccensis",304,"Rubble",1.18827586206897
305,3.3,3.3,1.933333333,186,2,"juvenile","amboinensis",305,"Pavement",0.788945216680294
305,3.3,3.3,1.933333333,186,2,"juvenile","amboinensis",305,"Sand",0.980262582056893
305,3.3,3.3,1.933333333,186,2,"juvenile","amboinensis",305,"Algae",1.4106432748538
305,3.3,3.3,1.933333333,186,2,"juvenile","amboinensis",305,"Soft.cor",1.36887737478411
305,3.3,3.3,1.933333333,186,2,"juvenile","amboinensis",305,"Cbranching",0
305,3.3,3.3,1.933333333,186,2,"juvenile","amboinensis",305,"Fbranching",2.05390728476821
305,3.3,3.3,1.933333333,186,2,"juvenile","amboinensis",305,"Mcoral",2.33627118644068
305,3.3,3.3,1.933333333,186,2,"juvenile","amboinensis",305,"Rubble",0
306,8,3.8,1.595,1,3,"adult","moluccensis",306,"Pavement",0.514843295638126
306,8,3.8,1.595,1,3,"adult","moluccensis",306,"Sand",5.20762416107383
306,8,3.8,1.595,1,3,"adult","moluccensis",306,"Algae",0
306,8,3.8,1.595,1,3,"adult","moluccensis",306,"Soft.cor",0.360676789587852
306,8,3.8,1.595,1,3,"adult","moluccensis",306,"Cbranching",0
306,8,3.8,1.595,1,3,"adult","moluccensis",306,"Fbranching",0.491347517730496
306,8,3.8,1.595,1,3,"adult","moluccensis",306,"Mcoral",1.64858923512748
306,8,3.8,1.595,1,3,"adult","moluccensis",306,"Rubble",0.647692821368948
307,9,3.8,1.6,2,3,"adult","amboinensis",307,"Pavement",0.335767366720517
307,9,3.8,1.6,2,3,"adult","amboinensis",307,"Sand",5.11463087248322
307,9,3.8,1.6,2,3,"adult","amboinensis",307,"Algae",0
307,9,3.8,1.6,2,3,"adult","amboinensis",307,"Soft.cor",0.240451193058568
307,9,3.8,1.6,2,3,"adult","amboinensis",307,"Cbranching",0
307,9,3.8,1.6,2,3,"adult","amboinensis",307,"Fbranching",0
307,9,3.8,1.6,2,3,"adult","amboinensis",307,"Mcoral",0
307,9,3.8,1.6,2,3,"adult","amboinensis",307,"Rubble",2.35945242070117
308,7,2.2,1.93,3,3,"adult","moluccensis",308,"Pavement",1.05207108239095
308,7,2.2,1.93,3,3,"adult","moluccensis",308,"Sand",0
308,7,2.2,1.93,3,3,"adult","moluccensis",308,"Algae",0
308,7,2.2,1.93,3,3,"adult","moluccensis",308,"Soft.cor",0.541015184381779
308,7,2.2,1.93,3,3,"adult","moluccensis",308,"Cbranching",10.8868571428571
308,7,2.2,1.93,3,3,"adult","moluccensis",308,"Fbranching",0.0982695035460993
308,7,2.2,1.93,3,3,"adult","moluccensis",308,"Mcoral",2.51213597733711
308,7,2.2,1.93,3,3,"adult","moluccensis",308,"Rubble",0.138791318864775
309,7,1.4,1.235,4,3,"adult","chrysurus",309,"Pavement",1.29830048465267
309,7,1.4,1.235,4,3,"adult","chrysurus",309,"Sand",1.39489932885906
309,7,1.4,1.235,4,3,"adult","chrysurus",309,"Algae",0.185986577181208
309,7,1.4,1.235,4,3,"adult","chrysurus",309,"Soft.cor",1.32248156182213
309,7,1.4,1.235,4,3,"adult","chrysurus",309,"Cbranching",0
309,7,1.4,1.235,4,3,"adult","chrysurus",309,"Fbranching",0.786156028368794
309,7,1.4,1.235,4,3,"adult","chrysurus",309,"Mcoral",0.549529745042493
309,7,1.4,1.235,4,3,"adult","chrysurus",309,"Rubble",0.647692821368948
310,7,1.8,1.455,5,3,"adult","chrysurus",310,"Pavement",1.38783844911147
310,7,1.8,1.455,5,3,"adult","chrysurus",310,"Sand",0.092993288590604
310,7,1.8,1.455,5,3,"adult","chrysurus",310,"Algae",1.48789261744966
310,7,1.8,1.455,5,3,"adult","chrysurus",310,"Soft.cor",0.781466377440347
310,7,1.8,1.455,5,3,"adult","chrysurus",310,"Cbranching",2.30933333333333
310,7,1.8,1.455,5,3,"adult","chrysurus",310,"Fbranching",0
310,7,1.8,1.455,5,3,"adult","chrysurus",310,"Mcoral",1.09905949008499
310,7,1.8,1.455,5,3,"adult","chrysurus",310,"Rubble",0.925275459098498
311,8,3.8,1.4,6,3,"adult","amboinensis",311,"Pavement",1.11922455573506
311,8,3.8,1.4,6,3,"adult","amboinensis",311,"Sand",4.37068456375839
311,8,3.8,1.4,6,3,"adult","amboinensis",311,"Algae",0.557959731543624
311,8,3.8,1.4,6,3,"adult","amboinensis",311,"Soft.cor",0
311,8,3.8,1.4,6,3,"adult","amboinensis",311,"Cbranching",0.659809523809524
311,8,3.8,1.4,6,3,"adult","amboinensis",311,"Fbranching",0
311,8,3.8,1.4,6,3,"adult","amboinensis",311,"Mcoral",0.235512747875354
311,8,3.8,1.4,6,3,"adult","amboinensis",311,"Rubble",0.925275459098498
312,8,3.1,1.25,7,2,"adult","amboinensis",312,"Pavement",0.631156173344235
312,8,3.1,1.25,7,2,"adult","amboinensis",312,"Sand",3.67975492341357
312,8,3.1,1.25,7,2,"adult","amboinensis",312,"Algae",0
312,8,3.1,1.25,7,2,"adult","amboinensis",312,"Soft.cor",0
312,8,3.1,1.25,7,2,"adult","amboinensis",312,"Cbranching",0
312,8,3.1,1.25,7,2,"adult","amboinensis",312,"Fbranching",0.182569536423841
312,8,3.1,1.25,7,2,"adult","amboinensis",312,"Mcoral",1.21486101694915
312,8,3.1,1.25,7,2,"adult","amboinensis",312,"Rubble",1.10071869328494
313,6,1.7,1.8,8,2,"adult","moluccensis",313,"Pavement",0.36066067048242
313,6,1.7,1.8,8,2,"adult","moluccensis",313,"Sand",0
313,6,1.7,1.8,8,2,"adult","moluccensis",313,"Algae",0.967298245614035
313,6,1.7,1.8,8,2,"adult","moluccensis",313,"Soft.cor",1.809298791019
313,6,1.7,1.8,8,2,"adult","moluccensis",313,"Cbranching",0
313,6,1.7,1.8,8,2,"adult","moluccensis",313,"Fbranching",0.182569536423841
313,6,1.7,1.8,8,2,"adult","moluccensis",313,"Mcoral",0.0934508474576271
313,6,1.7,1.8,8,2,"adult","moluccensis",313,"Rubble",3.15205807622505
314,6,1.9,2.015,9,2,"adult","moluccensis",314,"Pavement",1.01435813573181
314,6,1.9,2.015,9,2,"adult","moluccensis",314,"Sand",1.02550547045952
314,6,1.9,2.015,9,2,"adult","moluccensis",314,"Algae",1.77338011695906
314,6,1.9,2.015,9,2,"adult","moluccensis",314,"Soft.cor",0.761810017271157
314,6,1.9,2.015,9,2,"adult","moluccensis",314,"Cbranching",0
314,6,1.9,2.015,9,2,"adult","moluccensis",314,"Fbranching",1.64312582781457
314,6,1.9,2.015,9,2,"adult","moluccensis",314,"Mcoral",0.841057627118644
314,6,1.9,2.015,9,2,"adult","moluccensis",314,"Rubble",0.950620689655172
315,8,2.7,1.455,10,2,"adult","amboinensis",315,"Pavement",0.225412919051513
315,8,2.7,1.455,10,2,"adult","amboinensis",315,"Sand",5.7910897155361
315,8,2.7,1.455,10,2,"adult","amboinensis",315,"Algae",0
315,8,2.7,1.455,10,2,"adult","amboinensis",315,"Soft.cor",0
315,8,2.7,1.455,10,2,"adult","amboinensis",315,"Cbranching",0
315,8,2.7,1.455,10,2,"adult","amboinensis",315,"Fbranching",0
315,8,2.7,1.455,10,2,"adult","amboinensis",315,"Mcoral",0
315,8,2.7,1.455,10,2,"adult","amboinensis",315,"Rubble",0.950620689655172
316,8,1.6,1.45,11,2,"adult","chrysurus",316,"Pavement",1.28485363859362
316,8,1.6,1.45,11,2,"adult","chrysurus",316,"Sand",0.603238512035011
316,8,1.6,1.45,11,2,"adult","chrysurus",316,"Algae",1.28973099415205
316,8,1.6,1.45,11,2,"adult","chrysurus",316,"Soft.cor",0.761810017271157
316,8,1.6,1.45,11,2,"adult","chrysurus",316,"Cbranching",0
316,8,1.6,1.45,11,2,"adult","chrysurus",316,"Fbranching",0.547708609271523
316,8,1.6,1.45,11,2,"adult","chrysurus",316,"Mcoral",0.841057627118644
316,8,1.6,1.45,11,2,"adult","chrysurus",316,"Rubble",1.10071869328494
317,8,1.7,1.38,12,2,"adult","amboinensis",317,"Pavement",0.383201962387572
317,8,1.7,1.38,12,2,"adult","amboinensis",317,"Sand",3.55910722100657
317,8,1.7,1.38,12,2,"adult","amboinensis",317,"Algae",0
317,8,1.7,1.38,12,2,"adult","amboinensis",317,"Soft.cor",1.61884628670121
317,8,1.7,1.38,12,2,"adult","amboinensis",317,"Cbranching",0
317,8,1.7,1.38,12,2,"adult","amboinensis",317,"Fbranching",0
317,8,1.7,1.38,12,2,"adult","amboinensis",317,"Mcoral",0.560705084745763
317,8,1.7,1.38,12,2,"adult","amboinensis",317,"Rubble",0.450294010889292
318,7,1.4,1.805,13,2,"adult","chrysurus",318,"Pavement",0.901651676206051
318,7,1.4,1.805,13,2,"adult","chrysurus",318,"Sand",0.784210065645514
318,7,1.4,1.805,13,2,"adult","chrysurus",318,"Algae",0
318,7,1.4,1.805,13,2,"adult","chrysurus",318,"Soft.cor",1.66645941278066
318,7,1.4,1.805,13,2,"adult","chrysurus",318,"Cbranching",2.90189473684211
318,7,1.4,1.805,13,2,"adult","chrysurus",318,"Fbranching",0.547708609271523
318,7,1.4,1.805,13,2,"adult","chrysurus",318,"Mcoral",0.373803389830508
318,7,1.4,1.805,13,2,"adult","chrysurus",318,"Rubble",1.35088203266788
319,6,1.4,1.5,14,2,"adult","chrysurus",319,"Pavement",1.10452330335241
319,6,1.4,1.5,14,2,"adult","chrysurus",319,"Sand",0.180971553610503
319,6,1.4,1.5,14,2,"adult","chrysurus",319,"Algae",2.09581286549708
319,6,1.4,1.5,14,2,"adult","chrysurus",319,"Soft.cor",0.0476131260794473
319,6,1.4,1.5,14,2,"adult","chrysurus",319,"Cbranching",0
319,6,1.4,1.5,14,2,"adult","chrysurus",319,"Fbranching",0.182569536423841
319,6,1.4,1.5,14,2,"adult","chrysurus",319,"Mcoral",1.86901694915254
319,6,1.4,1.5,14,2,"adult","chrysurus",319,"Rubble",1.90124137931034
320,5,1.5,1.71,15,2,"adult","moluccensis",320,"Pavement",0.608614881439084
320,5,1.5,1.71,15,2,"adult","moluccensis",320,"Sand",0.120647702407002
320,5,1.5,1.71,15,2,"adult","moluccensis",320,"Algae",0.161216374269006
320,5,1.5,1.71,15,2,"adult","moluccensis",320,"Soft.cor",3.19007944732297
320,5,1.5,1.71,15,2,"adult","moluccensis",320,"Cbranching",0
320,5,1.5,1.71,15,2,"adult","moluccensis",320,"Fbranching",2.19083443708609
320,5,1.5,1.71,15,2,"adult","moluccensis",320,"Mcoral",0.280352542372881
320,5,1.5,1.71,15,2,"adult","moluccensis",320,"Rubble",0.400261343012704
321,7,1.6,2.295,16,2,"adult","chrysurus",321,"Pavement",1.05944071954211
321,7,1.6,2.295,16,2,"adult","chrysurus",321,"Sand",0.965181619256018
321,7,1.6,2.295,16,2,"adult","chrysurus",321,"Algae",0.967298245614035
321,7,1.6,2.295,16,2,"adult","chrysurus",321,"Soft.cor",0.71419689119171
321,7,1.6,2.295,16,2,"adult","chrysurus",321,"Cbranching",37.7246315789474
321,7,1.6,2.295,16,2,"adult","chrysurus",321,"Fbranching",0.730278145695364
321,7,1.6,2.295,16,2,"adult","chrysurus",321,"Mcoral",0
321,7,1.6,2.295,16,2,"adult","chrysurus",321,"Rubble",0.550359346642468
322,6,1.6,2.16,17,2,"adult","moluccensis",322,"Pavement",1.32993622240393
322,6,1.6,2.16,17,2,"adult","moluccensis",322,"Sand",0.301619256017505
322,6,1.6,2.16,17,2,"adult","moluccensis",322,"Algae",0.806081871345029
322,6,1.6,2.16,17,2,"adult","moluccensis",322,"Soft.cor",0.476131260794473
322,6,1.6,2.16,17,2,"adult","moluccensis",322,"Cbranching",0
322,6,1.6,2.16,17,2,"adult","moluccensis",322,"Fbranching",1.82569536423841
322,6,1.6,2.16,17,2,"adult","moluccensis",322,"Mcoral",1.68211525423729
322,6,1.6,2.16,17,2,"adult","moluccensis",322,"Rubble",0.900588021778584
323,7,3,1.19,18,2,"adult","amboinensis",323,"Pavement",0.743862632869992
323,7,3,1.19,18,2,"adult","amboinensis",323,"Sand",3.74007877461707
323,7,3,1.19,18,2,"adult","amboinensis",323,"Algae",0
323,7,3,1.19,18,2,"adult","amboinensis",323,"Soft.cor",0.142839378238342
323,7,3,1.19,18,2,"adult","amboinensis",323,"Cbranching",1.45094736842105
323,7,3,1.19,18,2,"adult","amboinensis",323,"Fbranching",0
323,7,3,1.19,18,2,"adult","amboinensis",323,"Mcoral",0
323,7,3,1.19,18,2,"adult","amboinensis",323,"Rubble",1.30084936479129
324,6,3.5,2.335,19,3,"adult","moluccensis",324,"Pavement",0.335767366720517
324,6,3.5,2.335,19,3,"adult","moluccensis",324,"Sand",3.34775838926175
324,6,3.5,2.335,19,3,"adult","moluccensis",324,"Algae",0
324,6,3.5,2.335,19,3,"adult","moluccensis",324,"Soft.cor",0.841579175704989
324,6,3.5,2.335,19,3,"adult","moluccensis",324,"Cbranching",0
324,6,3.5,2.335,19,3,"adult","moluccensis",324,"Fbranching",1.08096453900709
324,6,3.5,2.335,19,3,"adult","moluccensis",324,"Mcoral",0.0785042492917847
324,6,3.5,2.335,19,3,"adult","moluccensis",324,"Rubble",2.22066110183639
325,7,3.4,1.625,20,3,"adult","moluccensis",325,"Pavement",1.16399353796446
325,7,3.4,1.625,20,3,"adult","moluccensis",325,"Sand",1.67387919463087
325,7,3.4,1.625,20,3,"adult","moluccensis",325,"Algae",0.743946308724832
325,7,3.4,1.625,20,3,"adult","moluccensis",325,"Soft.cor",0.240451193058568
325,7,3.4,1.625,20,3,"adult","moluccensis",325,"Cbranching",0
325,7,3.4,1.625,20,3,"adult","moluccensis",325,"Fbranching",0.982695035460993
325,7,3.4,1.625,20,3,"adult","moluccensis",325,"Mcoral",0.628033994334278
325,7,3.4,1.625,20,3,"adult","moluccensis",325,"Rubble",1.34164941569282
326,8,3.6,1.33,21,3,"adult","moluccensis",326,"Pavement",0.514843295638126
326,8,3.6,1.33,21,3,"adult","moluccensis",326,"Sand",4.6496644295302
326,8,3.6,1.33,21,3,"adult","moluccensis",326,"Algae",0
326,8,3.6,1.33,21,3,"adult","moluccensis",326,"Soft.cor",0.180338394793926
326,8,3.6,1.33,21,3,"adult","moluccensis",326,"Cbranching",0
326,8,3.6,1.33,21,3,"adult","moluccensis",326,"Fbranching",0.589617021276596
326,8,3.6,1.33,21,3,"adult","moluccensis",326,"Mcoral",1.33457223796034
326,8,3.6,1.33,21,3,"adult","moluccensis",326,"Rubble",1.1103305509182
327,9,3.5,1.58,22,3,"adult","amboinensis",327,"Pavement",0.828226171243942
327,9,3.5,1.58,22,3,"adult","amboinensis",327,"Sand",2.60381208053691
327,9,3.5,1.58,22,3,"adult","amboinensis",327,"Algae",0
327,9,3.5,1.58,22,3,"adult","amboinensis",327,"Soft.cor",1.26236876355748
327,9,3.5,1.58,22,3,"adult","amboinensis",327,"Cbranching",0
327,9,3.5,1.58,22,3,"adult","amboinensis",327,"Fbranching",0.491347517730496
327,9,3.5,1.58,22,3,"adult","amboinensis",327,"Mcoral",1.96260623229462
327,9,3.5,1.58,22,3,"adult","amboinensis",327,"Rubble",0.416373956594324
328,7,3.7,1.225,23,3,"adult","amboinensis",328,"Pavement",0.492458804523425
328,7,3.7,1.225,23,3,"adult","amboinensis",328,"Sand",7.16048322147651
328,7,3.7,1.225,23,3,"adult","amboinensis",328,"Algae",0
328,7,3.7,1.225,23,3,"adult","amboinensis",328,"Soft.cor",0
328,7,3.7,1.225,23,3,"adult","amboinensis",328,"Cbranching",0
328,7,3.7,1.225,23,3,"adult","amboinensis",328,"Fbranching",0
328,7,3.7,1.225,23,3,"adult","amboinensis",328,"Mcoral",0
328,7,3.7,1.225,23,3,"adult","amboinensis",328,"Rubble",1.20285809682805
329,6,1.6,1.47,24,3,"adult","chrysurus",329,"Pavement",1.00730210016155
329,6,1.6,1.47,24,3,"adult","chrysurus",329,"Sand",0.371973154362416
329,6,1.6,1.47,24,3,"adult","chrysurus",329,"Algae",0
329,6,1.6,1.47,24,3,"adult","chrysurus",329,"Soft.cor",0
329,6,1.6,1.47,24,3,"adult","chrysurus",329,"Cbranching",0
329,6,1.6,1.47,24,3,"adult","chrysurus",329,"Fbranching",1.37577304964539
329,6,1.6,1.47,24,3,"adult","chrysurus",329,"Mcoral",0.314016997167139
329,6,1.6,1.47,24,3,"adult","chrysurus",329,"Rubble",2.63703505843072
330,7,1.6,1.555,25,3,"adult","chrysurus",330,"Pavement",1.65645234248788
330,7,1.6,1.555,25,3,"adult","chrysurus",330,"Sand",1.58088590604027
330,7,1.6,1.555,25,3,"adult","chrysurus",330,"Algae",0.557959731543624
330,7,1.6,1.555,25,3,"adult","chrysurus",330,"Soft.cor",0.0601127982646421
330,7,1.6,1.555,25,3,"adult","chrysurus",330,"Cbranching",0
330,7,1.6,1.555,25,3,"adult","chrysurus",330,"Fbranching",0.982695035460993
330,7,1.6,1.555,25,3,"adult","chrysurus",330,"Mcoral",1.0205552407932
330,7,1.6,1.555,25,3,"adult","chrysurus",330,"Rubble",0.277582637729549
331,7,1.8,1.355,26,3,"adult","chrysurus",331,"Pavement",0.850610662358643
331,7,1.8,1.355,26,3,"adult","chrysurus",331,"Sand",3.81272483221476
331,7,1.8,1.355,26,3,"adult","chrysurus",331,"Algae",0.185986577181208
331,7,1.8,1.355,26,3,"adult","chrysurus",331,"Soft.cor",0.601127982646421
331,7,1.8,1.355,26,3,"adult","chrysurus",331,"Cbranching",0
331,7,1.8,1.355,26,3,"adult","chrysurus",331,"Fbranching",0
331,7,1.8,1.355,26,3,"adult","chrysurus",331,"Mcoral",0.471025495750708
331,7,1.8,1.355,26,3,"adult","chrysurus",331,"Rubble",1.20285809682805
332,7,1.8,2.575,27,3,"adult","moluccensis",332,"Pavement",0.246229402261712
332,7,1.8,2.575,27,3,"adult","moluccensis",332,"Sand",2.04585234899329
332,7,1.8,2.575,27,3,"adult","moluccensis",332,"Algae",0.185986577181208
332,7,1.8,2.575,27,3,"adult","moluccensis",332,"Soft.cor",4.02755748373102
332,7,1.8,2.575,27,3,"adult","moluccensis",332,"Cbranching",0
332,7,1.8,2.575,27,3,"adult","moluccensis",332,"Fbranching",0
332,7,1.8,2.575,27,3,"adult","moluccensis",332,"Mcoral",1.25606798866856
332,7,1.8,2.575,27,3,"adult","moluccensis",332,"Rubble",0.370110183639399
333,7,2.1,1.565,28,3,"adult","amboinensis",333,"Pavement",0.0223844911147011
333,7,2.1,1.565,28,3,"adult","amboinensis",333,"Sand",7.53245637583893
333,7,2.1,1.565,28,3,"adult","amboinensis",333,"Algae",0
333,7,2.1,1.565,28,3,"adult","amboinensis",333,"Soft.cor",2.22417353579176
333,7,2.1,1.565,28,3,"adult","amboinensis",333,"Cbranching",0
333,7,2.1,1.565,28,3,"adult","amboinensis",333,"Fbranching",0
333,7,2.1,1.565,28,3,"adult","amboinensis",333,"Mcoral",0.157008498583569
333,7,2.1,1.565,28,3,"adult","amboinensis",333,"Rubble",0.1850550918197
334,7,1.9,1.335,29,3,"adult","chrysurus",334,"Pavement",1.29830048465267
334,7,1.9,1.335,29,3,"adult","chrysurus",334,"Sand",0.92993288590604
334,7,1.9,1.335,29,3,"adult","chrysurus",334,"Algae",0.557959731543624
334,7,1.9,1.335,29,3,"adult","chrysurus",334,"Soft.cor",0.0601127982646421
334,7,1.9,1.335,29,3,"adult","chrysurus",334,"Cbranching",0
334,7,1.9,1.335,29,3,"adult","chrysurus",334,"Fbranching",0.491347517730496
334,7,1.9,1.335,29,3,"adult","chrysurus",334,"Mcoral",1.80559773371105
334,7,1.9,1.335,29,3,"adult","chrysurus",334,"Rubble",1.1103305509182
335,7,1.4,1.69,30,2,"adult","chrysurus",335,"Pavement",1.42010139002453
335,7,1.4,1.69,30,2,"adult","chrysurus",335,"Sand",0.301619256017505
335,7,1.4,1.69,30,2,"adult","chrysurus",335,"Algae",1.28973099415205
335,7,1.4,1.69,30,2,"adult","chrysurus",335,"Soft.cor",0.380905008635579
335,7,1.4,1.69,30,2,"adult","chrysurus",335,"Cbranching",0
335,7,1.4,1.69,30,2,"adult","chrysurus",335,"Fbranching",1.27798675496689
335,7,1.4,1.69,30,2,"adult","chrysurus",335,"Mcoral",0.934508474576271
335,7,1.4,1.69,30,2,"adult","chrysurus",335,"Rubble",1.20078402903811
336,7,1.3,2.33,31,2,"adult","chrysurus",336,"Pavement",0.924192968111202
336,7,1.3,2.33,31,2,"adult","chrysurus",336,"Sand",0.723886214442013
336,7,1.3,2.33,31,2,"adult","chrysurus",336,"Algae",1.28973099415205
336,7,1.3,2.33,31,2,"adult","chrysurus",336,"Soft.cor",0.666583765112262
336,7,1.3,2.33,31,2,"adult","chrysurus",336,"Cbranching",33.3717894736842
336,7,1.3,2.33,31,2,"adult","chrysurus",336,"Fbranching",0.182569536423841
336,7,1.3,2.33,31,2,"adult","chrysurus",336,"Mcoral",0
336,7,1.3,2.33,31,2,"adult","chrysurus",336,"Rubble",1.30084936479129
337,7,1.5,2.03,32,2,"adult","amboinensis",337,"Pavement",0.428284546197874
337,7,1.5,2.03,32,2,"adult","amboinensis",337,"Sand",2.89554485776805
337,7,1.5,2.03,32,2,"adult","amboinensis",337,"Algae",0
337,7,1.5,2.03,32,2,"adult","amboinensis",337,"Soft.cor",0.761810017271157
337,7,1.5,2.03,32,2,"adult","amboinensis",337,"Cbranching",0
337,7,1.5,2.03,32,2,"adult","amboinensis",337,"Fbranching",1.46055629139073
337,7,1.5,2.03,32,2,"adult","amboinensis",337,"Mcoral",2.80352542372881
337,7,1.5,2.03,32,2,"adult","amboinensis",337,"Rubble",0.200130671506352
338,6,1.4,1.17,33,2,"adult","amboinensis",338,"Pavement",0.766403924775143
338,6,1.4,1.17,33,2,"adult","amboinensis",338,"Sand",0.241295404814004
338,6,1.4,1.17,33,2,"adult","amboinensis",338,"Algae",0.483649122807018
338,6,1.4,1.17,33,2,"adult","amboinensis",338,"Soft.cor",0
338,6,1.4,1.17,33,2,"adult","amboinensis",338,"Cbranching",0
338,6,1.4,1.17,33,2,"adult","amboinensis",338,"Fbranching",1.64312582781457
338,6,1.4,1.17,33,2,"adult","amboinensis",338,"Mcoral",5.98085423728814
338,6,1.4,1.17,33,2,"adult","amboinensis",338,"Rubble",0.450294010889292
339,6,1.7,2.105,34,2,"adult","moluccensis",339,"Pavement",1.23977105478332
339,6,1.7,2.105,34,2,"adult","moluccensis",339,"Sand",0.361943107221007
339,6,1.7,2.105,34,2,"adult","moluccensis",339,"Algae",0.806081871345029
339,6,1.7,2.105,34,2,"adult","moluccensis",339,"Soft.cor",0.952262521588946
339,6,1.7,2.105,34,2,"adult","moluccensis",339,"Cbranching",0
339,6,1.7,2.105,34,2,"adult","moluccensis",339,"Fbranching",0.912847682119205
339,6,1.7,2.105,34,2,"adult","moluccensis",339,"Mcoral",0.467254237288136
339,6,1.7,2.105,34,2,"adult","moluccensis",339,"Rubble",1.45094736842105
340,7,1.9,1.335,35,2,"adult","amboinensis",340,"Pavement",0.247954210956664
340,7,1.9,1.335,35,2,"adult","amboinensis",340,"Sand",2.35263019693654
340,7,1.9,1.335,35,2,"adult","amboinensis",340,"Algae",0.322432748538012
340,7,1.9,1.335,35,2,"adult","amboinensis",340,"Soft.cor",0.428518134715026
340,7,1.9,1.335,35,2,"adult","amboinensis",340,"Cbranching",0
340,7,1.9,1.335,35,2,"adult","amboinensis",340,"Fbranching",0.365139072847682
340,7,1.9,1.335,35,2,"adult","amboinensis",340,"Mcoral",5.23324745762712
340,7,1.9,1.335,35,2,"adult","amboinensis",340,"Rubble",0.300196007259528
341,6,2.1,2.515,36,2,"adult","moluccensis",341,"Pavement",0.405743254292723
341,6,2.1,2.515,36,2,"adult","moluccensis",341,"Sand",0.241295404814004
341,6,2.1,2.515,36,2,"adult","moluccensis",341,"Algae",0.322432748538012
341,6,2.1,2.515,36,2,"adult","moluccensis",341,"Soft.cor",0.523744386873921
341,6,2.1,2.515,36,2,"adult","moluccensis",341,"Cbranching",0
341,6,2.1,2.515,36,2,"adult","moluccensis",341,"Fbranching",2.37340397350993
341,6,2.1,2.515,36,2,"adult","moluccensis",341,"Mcoral",5.32669830508475
341,6,2.1,2.515,36,2,"adult","moluccensis",341,"Rubble",0.650424682395644
342,7,1.3,1.475,37,2,"adult","chrysurus",342,"Pavement",0.969275551921504
342,7,1.3,1.475,37,2,"adult","chrysurus",342,"Sand",0.180971553610503
342,7,1.3,1.475,37,2,"adult","chrysurus",342,"Algae",1.28973099415205
342,7,1.3,1.475,37,2,"adult","chrysurus",342,"Soft.cor",1.7140725388601
342,7,1.3,1.475,37,2,"adult","chrysurus",342,"Cbranching",0
342,7,1.3,1.475,37,2,"adult","chrysurus",342,"Fbranching",0
342,7,1.3,1.475,37,2,"adult","chrysurus",342,"Mcoral",2.0559186440678
342,7,1.3,1.475,37,2,"adult","chrysurus",342,"Rubble",0.650424682395644
343,6,1.1,1.325,38,2,"adult","moluccensis",343,"Pavement",0.969275551921504
343,6,1.1,1.325,38,2,"adult","moluccensis",343,"Sand",0.422266958424508
343,6,1.1,1.325,38,2,"adult","moluccensis",343,"Algae",0.644865497076023
343,6,1.1,1.325,38,2,"adult","moluccensis",343,"Soft.cor",0.71419689119171
343,6,1.1,1.325,38,2,"adult","moluccensis",343,"Cbranching",1.45094736842105
343,6,1.1,1.325,38,2,"adult","moluccensis",343,"Fbranching",2.73854304635762
343,6,1.1,1.325,38,2,"adult","moluccensis",343,"Mcoral",1.77556610169492
343,6,1.1,1.325,38,2,"adult","moluccensis",343,"Rubble",0.800522686025408
344,7,1.2,1.615,39,2,"adult","amboinensis",344,"Pavement",0.946734260016353
344,7,1.2,1.615,39,2,"adult","amboinensis",344,"Sand",2.65424945295405
344,7,1.2,1.615,39,2,"adult","amboinensis",344,"Algae",0
344,7,1.2,1.615,39,2,"adult","amboinensis",344,"Soft.cor",0.809423143350605
344,7,1.2,1.615,39,2,"adult","amboinensis",344,"Cbranching",0
344,7,1.2,1.615,39,2,"adult","amboinensis",344,"Fbranching",1.27798675496689
344,7,1.2,1.615,39,2,"adult","amboinensis",344,"Mcoral",0
344,7,1.2,1.615,39,2,"adult","amboinensis",344,"Rubble",0.75049001814882
345,7,1.6,1.35,40,2,"adult","chrysurus",345,"Pavement",0.834027800490597
345,7,1.6,1.35,40,2,"adult","chrysurus",345,"Sand",1.38744857768053
345,7,1.6,1.35,40,2,"adult","chrysurus",345,"Algae",0.483649122807018
345,7,1.6,1.35,40,2,"adult","chrysurus",345,"Soft.cor",0.904649395509499
345,7,1.6,1.35,40,2,"adult","chrysurus",345,"Cbranching",0
345,7,1.6,1.35,40,2,"adult","chrysurus",345,"Fbranching",0.365139072847682
345,7,1.6,1.35,40,2,"adult","chrysurus",345,"Mcoral",0.467254237288136
345,7,1.6,1.35,40,2,"adult","chrysurus",345,"Rubble",1.80117604355717
346,6,1.5,2.04,41,2,"adult","moluccensis",346,"Pavement",0.991816843826656
346,6,1.5,2.04,41,2,"adult","moluccensis",346,"Sand",0.482590809628009
346,6,1.5,2.04,41,2,"adult","moluccensis",346,"Algae",0.806081871345029
346,6,1.5,2.04,41,2,"adult","moluccensis",346,"Soft.cor",0.0476131260794473
346,6,1.5,2.04,41,2,"adult","moluccensis",346,"Cbranching",0
346,6,1.5,2.04,41,2,"adult","moluccensis",346,"Fbranching",2.00826490066225
346,6,1.5,2.04,41,2,"adult","moluccensis",346,"Mcoral",0.186901694915254
346,6,1.5,2.04,41,2,"adult","moluccensis",346,"Rubble",2.00130671506352
347,7,2.8,1.685,42,3,"adult","moluccensis",347,"Pavement",0.738688206785137
347,7,2.8,1.685,42,3,"adult","moluccensis",347,"Sand",0.371973154362416
347,7,2.8,1.685,42,3,"adult","moluccensis",347,"Algae",0.185986577181208
347,7,2.8,1.685,42,3,"adult","moluccensis",347,"Soft.cor",0
347,7,2.8,1.685,42,3,"adult","moluccensis",347,"Cbranching",1.64952380952381
347,7,2.8,1.685,42,3,"adult","moluccensis",347,"Fbranching",2.75154609929078
347,7,2.8,1.685,42,3,"adult","moluccensis",347,"Mcoral",3.68969971671388
347,7,2.8,1.685,42,3,"adult","moluccensis",347,"Rubble",0.323846410684474
348,6,2.4,2.105,43,3,"adult","moluccensis",348,"Pavement",0.738688206785137
348,6,2.4,2.105,43,3,"adult","moluccensis",348,"Sand",0.092993288590604
348,6,2.4,2.105,43,3,"adult","moluccensis",348,"Algae",0
348,6,2.4,2.105,43,3,"adult","moluccensis",348,"Soft.cor",3.90733188720174
348,6,2.4,2.105,43,3,"adult","moluccensis",348,"Cbranching",0
348,6,2.4,2.105,43,3,"adult","moluccensis",348,"Fbranching",0.589617021276596
348,6,2.4,2.105,43,3,"adult","moluccensis",348,"Mcoral",1.25606798866856
348,6,2.4,2.105,43,3,"adult","moluccensis",348,"Rubble",0.138791318864775
349,6,3.4,1.49,44,3,"adult","amboinensis",349,"Pavement",0.313382875605816
349,6,3.4,1.49,44,3,"adult","amboinensis",349,"Sand",5.95157046979866
349,6,3.4,1.49,44,3,"adult","amboinensis",349,"Algae",0
349,6,3.4,1.49,44,3,"adult","amboinensis",349,"Soft.cor",0
349,6,3.4,1.49,44,3,"adult","amboinensis",349,"Cbranching",0
349,6,3.4,1.49,44,3,"adult","amboinensis",349,"Fbranching",0.687886524822695
349,6,3.4,1.49,44,3,"adult","amboinensis",349,"Mcoral",0.235512747875354
349,6,3.4,1.49,44,3,"adult","amboinensis",349,"Rubble",1.71175959933222
350,7,3,1.505,45,3,"adult","moluccensis",350,"Pavement",0.358151857835218
350,7,3,1.505,45,3,"adult","moluccensis",350,"Sand",4.27769127516779
350,7,3,1.505,45,3,"adult","moluccensis",350,"Algae",0.371973154362416
350,7,3,1.505,45,3,"adult","moluccensis",350,"Soft.cor",0.721353579175705
350,7,3,1.505,45,3,"adult","moluccensis",350,"Cbranching",0
350,7,3,1.505,45,3,"adult","moluccensis",350,"Fbranching",0.884425531914894
350,7,3,1.505,45,3,"adult","moluccensis",350,"Mcoral",0.314016997167139
350,7,3,1.505,45,3,"adult","moluccensis",350,"Rubble",1.6654958263773
351,8,2.4,1.21,46,3,"adult","amboinensis",351,"Pavement",0.111922455573506
351,8,2.4,1.21,46,3,"adult","amboinensis",351,"Sand",7.16048322147651
351,8,2.4,1.21,46,3,"adult","amboinensis",351,"Algae",0.557959731543624
351,8,2.4,1.21,46,3,"adult","amboinensis",351,"Soft.cor",0
351,8,2.4,1.21,46,3,"adult","amboinensis",351,"Cbranching",2.30933333333333
351,8,2.4,1.21,46,3,"adult","amboinensis",351,"Fbranching",0
351,8,2.4,1.21,46,3,"adult","amboinensis",351,"Mcoral",0
351,8,2.4,1.21,46,3,"adult","amboinensis",351,"Rubble",1.52670450751252
352,7,1.4,1.485,47,3,"adult","chrysurus",352,"Pavement",0.179075928917609
352,7,1.4,1.485,47,3,"adult","chrysurus",352,"Sand",6.8815033557047
352,7,1.4,1.485,47,3,"adult","chrysurus",352,"Algae",0.92993288590604
352,7,1.4,1.485,47,3,"adult","chrysurus",352,"Soft.cor",0.360676789587852
352,7,1.4,1.485,47,3,"adult","chrysurus",352,"Cbranching",0
352,7,1.4,1.485,47,3,"adult","chrysurus",352,"Fbranching",1.17923404255319
352,7,1.4,1.485,47,3,"adult","chrysurus",352,"Mcoral",0
352,7,1.4,1.485,47,3,"adult","chrysurus",352,"Rubble",0.925275459098498
353,7,1.3,1.65,48,3,"adult","chrysurus",353,"Pavement",1.32068497576737
353,7,1.3,1.65,48,3,"adult","chrysurus",353,"Sand",0.92993288590604
353,7,1.3,1.65,48,3,"adult","chrysurus",353,"Algae",1.48789261744966
353,7,1.3,1.65,48,3,"adult","chrysurus",353,"Soft.cor",0
353,7,1.3,1.65,48,3,"adult","chrysurus",353,"Cbranching",0
353,7,1.3,1.65,48,3,"adult","chrysurus",353,"Fbranching",0.982695035460993
353,7,1.3,1.65,48,3,"adult","chrysurus",353,"Mcoral",1.41307648725212
353,7,1.3,1.65,48,3,"adult","chrysurus",353,"Rubble",0.925275459098498
354,7,1.3,1.275,49,3,"adult","chrysurus",354,"Pavement",0.850610662358643
354,7,1.3,1.275,49,3,"adult","chrysurus",354,"Sand",1.11591946308725
354,7,1.3,1.275,49,3,"adult","chrysurus",354,"Algae",0.185986577181208
354,7,1.3,1.275,49,3,"adult","chrysurus",354,"Soft.cor",1.1421431670282
354,7,1.3,1.275,49,3,"adult","chrysurus",354,"Cbranching",0
354,7,1.3,1.275,49,3,"adult","chrysurus",354,"Fbranching",0.0982695035460993
354,7,1.3,1.275,49,3,"adult","chrysurus",354,"Mcoral",0.471025495750708
354,7,1.3,1.275,49,3,"adult","chrysurus",354,"Rubble",2.22066110183639
355,7,1.3,1.2,50,3,"adult","chrysurus",355,"Pavement",0.58199676898223
355,7,1.3,1.2,50,3,"adult","chrysurus",355,"Sand",0.836939597315436
355,7,1.3,1.2,50,3,"adult","chrysurus",355,"Algae",0
355,7,1.3,1.2,50,3,"adult","chrysurus",355,"Soft.cor",1.32248156182213
355,7,1.3,1.2,50,3,"adult","chrysurus",355,"Cbranching",0
355,7,1.3,1.2,50,3,"adult","chrysurus",355,"Fbranching",0
355,7,1.3,1.2,50,3,"adult","chrysurus",355,"Mcoral",0.235512747875354
355,7,1.3,1.2,50,3,"adult","chrysurus",355,"Rubble",3.00714524207012
356,8,1.4,1.835,51,3,"adult","amboinensis",356,"Pavement",0.290998384491115
356,8,1.4,1.835,51,3,"adult","amboinensis",356,"Sand",6.04456375838926
356,8,1.4,1.835,51,3,"adult","amboinensis",356,"Algae",0
356,8,1.4,1.835,51,3,"adult","amboinensis",356,"Soft.cor",0.781466377440347
356,8,1.4,1.835,51,3,"adult","amboinensis",356,"Cbranching",9.5672380952381
356,8,1.4,1.835,51,3,"adult","amboinensis",356,"Fbranching",0
356,8,1.4,1.835,51,3,"adult","amboinensis",356,"Mcoral",0.0785042492917847
356,8,1.4,1.835,51,3,"adult","amboinensis",356,"Rubble",0.1850550918197
357,7,1.5,1.255,52,3,"adult","amboinensis",357,"Pavement",1.02968659127625
357,7,1.5,1.255,52,3,"adult","amboinensis",357,"Sand",4.37068456375839
357,7,1.5,1.255,52,3,"adult","amboinensis",357,"Algae",0.371973154362416
357,7,1.5,1.255,52,3,"adult","amboinensis",357,"Soft.cor",0.30056399132321
357,7,1.5,1.255,52,3,"adult","amboinensis",357,"Cbranching",0
357,7,1.5,1.255,52,3,"adult","amboinensis",357,"Fbranching",0.884425531914894
357,7,1.5,1.255,52,3,"adult","amboinensis",357,"Mcoral",0.942050991501416
357,7,1.5,1.255,52,3,"adult","amboinensis",357,"Rubble",0.138791318864775
358,6,1.5,2.225,53,3,"adult","moluccensis",358,"Pavement",0.492458804523425
358,6,1.5,2.225,53,3,"adult","moluccensis",358,"Sand",1.02292617449664
358,6,1.5,2.225,53,3,"adult","moluccensis",358,"Algae",0
358,6,1.5,2.225,53,3,"adult","moluccensis",358,"Soft.cor",5.10958785249458
358,6,1.5,2.225,53,3,"adult","moluccensis",358,"Cbranching",0
358,6,1.5,2.225,53,3,"adult","moluccensis",358,"Fbranching",0.491347517730496
358,6,1.5,2.225,53,3,"adult","moluccensis",358,"Mcoral",0
358,6,1.5,2.225,53,3,"adult","moluccensis",358,"Rubble",0.0462637729549249
359,7,2.7,1.585,54,2,"adult","amboinensis",359,"Pavement",0.270495502861815
359,7,2.7,1.585,54,2,"adult","amboinensis",359,"Sand",1.56842013129103
359,7,2.7,1.585,54,2,"adult","amboinensis",359,"Algae",0.161216374269006
359,7,2.7,1.585,54,2,"adult","amboinensis",359,"Soft.cor",2.80917443868739
359,7,2.7,1.585,54,2,"adult","amboinensis",359,"Cbranching",4.35284210526316
359,7,2.7,1.585,54,2,"adult","amboinensis",359,"Fbranching",0.182569536423841
359,7,2.7,1.585,54,2,"adult","amboinensis",359,"Mcoral",1.77556610169492
359,7,2.7,1.585,54,2,"adult","amboinensis",359,"Rubble",0.200130671506352
360,6,2.9,1.575,55,2,"adult","chrysurus",360,"Pavement",0.473367130008177
360,6,2.9,1.575,55,2,"adult","chrysurus",360,"Sand",2.83522100656455
360,6,2.9,1.575,55,2,"adult","chrysurus",360,"Algae",0.483649122807018
360,6,2.9,1.575,55,2,"adult","chrysurus",360,"Soft.cor",1.23794127806563
360,6,2.9,1.575,55,2,"adult","chrysurus",360,"Cbranching",0
360,6,2.9,1.575,55,2,"adult","chrysurus",360,"Fbranching",1.46055629139073
360,6,2.9,1.575,55,2,"adult","chrysurus",360,"Mcoral",0
360,6,2.9,1.575,55,2,"adult","chrysurus",360,"Rubble",1.00065335753176
361,6,2.6,1.5,56,2,"adult","moluccensis",361,"Pavement",0.202871627146361
361,6,2.6,1.5,56,2,"adult","moluccensis",361,"Sand",1.08582932166302
361,6,2.6,1.5,56,2,"adult","moluccensis",361,"Algae",0.322432748538012
361,6,2.6,1.5,56,2,"adult","moluccensis",361,"Soft.cor",3.99950259067358
361,6,2.6,1.5,56,2,"adult","moluccensis",361,"Cbranching",0
361,6,2.6,1.5,56,2,"adult","moluccensis",361,"Fbranching",0
361,6,2.6,1.5,56,2,"adult","moluccensis",361,"Mcoral",1.12141016949153
361,6,2.6,1.5,56,2,"adult","moluccensis",361,"Rubble",0
362,7,2.3,1.95,57,2,"adult","moluccensis",362,"Pavement",1.37501880621423
362,7,2.3,1.95,57,2,"adult","moluccensis",362,"Sand",0.361943107221007
362,7,2.3,1.95,57,2,"adult","moluccensis",362,"Algae",0.644865497076023
362,7,2.3,1.95,57,2,"adult","moluccensis",362,"Soft.cor",1.33316753022452
362,7,2.3,1.95,57,2,"adult","moluccensis",362,"Cbranching",0
362,7,2.3,1.95,57,2,"adult","moluccensis",362,"Fbranching",2.00826490066225
362,7,2.3,1.95,57,2,"adult","moluccensis",362,"Mcoral",0.841057627118644
362,7,2.3,1.95,57,2,"adult","moluccensis",362,"Rubble",0.300196007259528
363,7,2.8,1.455,58,2,"adult","amboinensis",363,"Pavement",0.338119378577269
363,7,2.8,1.455,58,2,"adult","amboinensis",363,"Sand",5.4894704595186
363,7,2.8,1.455,58,2,"adult","amboinensis",363,"Algae",0
363,7,2.8,1.455,58,2,"adult","amboinensis",363,"Soft.cor",0.618970639032815
363,7,2.8,1.455,58,2,"adult","amboinensis",363,"Cbranching",0
363,7,2.8,1.455,58,2,"adult","amboinensis",363,"Fbranching",0
363,7,2.8,1.455,58,2,"adult","amboinensis",363,"Mcoral",0.0934508474576271
363,7,2.8,1.455,58,2,"adult","amboinensis",363,"Rubble",0.25016333938294
364,6,2.4,1.425,59,2,"adult","chrysurus",364,"Pavement",0.338119378577269
364,6,2.4,1.425,59,2,"adult","chrysurus",364,"Sand",0.0603238512035011
364,6,2.4,1.425,59,2,"adult","chrysurus",364,"Algae",0.644865497076023
364,6,2.4,1.425,59,2,"adult","chrysurus",364,"Soft.cor",0.0476131260794473
364,6,2.4,1.425,59,2,"adult","chrysurus",364,"Cbranching",0
364,6,2.4,1.425,59,2,"adult","chrysurus",364,"Fbranching",0
364,6,2.4,1.425,59,2,"adult","chrysurus",364,"Mcoral",0
364,6,2.4,1.425,59,2,"adult","chrysurus",364,"Rubble",5.20339745916515
365,8,2.1,3.215,60,2,"adult","moluccensis",365,"Pavement",1.17214717906787
365,8,2.1,3.215,60,2,"adult","moluccensis",365,"Sand",0.361943107221007
365,8,2.1,3.215,60,2,"adult","moluccensis",365,"Algae",0.161216374269006
365,8,2.1,3.215,60,2,"adult","moluccensis",365,"Soft.cor",2.80917443868739
365,8,2.1,3.215,60,2,"adult","moluccensis",365,"Cbranching",0
365,8,2.1,3.215,60,2,"adult","moluccensis",365,"Fbranching",0.547708609271523
365,8,2.1,3.215,60,2,"adult","moluccensis",365,"Mcoral",0.280352542372881
365,8,2.1,3.215,60,2,"adult","moluccensis",365,"Rubble",0.050032667876588
366,8,1.5,2.45,61,2,"adult","moluccensis",366,"Pavement",1.30739493049877
366,8,1.5,2.45,61,2,"adult","moluccensis",366,"Sand",0.120647702407002
366,8,1.5,2.45,61,2,"adult","moluccensis",366,"Algae",0.161216374269006
366,8,1.5,2.45,61,2,"adult","moluccensis",366,"Soft.cor",0
366,8,1.5,2.45,61,2,"adult","moluccensis",366,"Cbranching",0
366,8,1.5,2.45,61,2,"adult","moluccensis",366,"Fbranching",4.38166887417219
366,8,1.5,2.45,61,2,"adult","moluccensis",366,"Mcoral",3.27077966101695
366,8,1.5,2.45,61,2,"adult","moluccensis",366,"Rubble",0.25016333938294
367,8,1.7,1.47,62,2,"adult","chrysurus",367,"Pavement",1.35247751430908
367,8,1.7,1.47,62,2,"adult","chrysurus",367,"Sand",0.603238512035011
367,8,1.7,1.47,62,2,"adult","chrysurus",367,"Algae",0.483649122807018
367,8,1.7,1.47,62,2,"adult","chrysurus",367,"Soft.cor",0.571357512953368
367,8,1.7,1.47,62,2,"adult","chrysurus",367,"Cbranching",7.25473684210526
367,8,1.7,1.47,62,2,"adult","chrysurus",367,"Fbranching",0
367,8,1.7,1.47,62,2,"adult","chrysurus",367,"Mcoral",0.186901694915254
367,8,1.7,1.47,62,2,"adult","chrysurus",367,"Rubble",1.60104537205082
368,8,2.7,1.185,63,2,"adult","amboinensis",368,"Pavement",0.293036794766967
368,8,2.7,1.185,63,2,"adult","amboinensis",368,"Sand",3.92105032822757
368,8,2.7,1.185,63,2,"adult","amboinensis",368,"Algae",0.483649122807018
368,8,2.7,1.185,63,2,"adult","amboinensis",368,"Soft.cor",0.190452504317789
368,8,2.7,1.185,63,2,"adult","amboinensis",368,"Cbranching",0
368,8,2.7,1.185,63,2,"adult","amboinensis",368,"Fbranching",0
368,8,2.7,1.185,63,2,"adult","amboinensis",368,"Mcoral",0
368,8,2.7,1.185,63,2,"adult","amboinensis",368,"Rubble",2.00130671506352
369,8,2,1.435,64,2,"adult","chrysurus",369,"Pavement",1.14960588716271
369,8,2,1.435,64,2,"adult","chrysurus",369,"Sand",1.14615317286652
369,8,2,1.435,64,2,"adult","chrysurus",369,"Algae",0.644865497076023
369,8,2,1.435,64,2,"adult","chrysurus",369,"Soft.cor",0.0476131260794473
369,8,2,1.435,64,2,"adult","chrysurus",369,"Cbranching",0
369,8,2,1.435,64,2,"adult","chrysurus",369,"Fbranching",0.547708609271523
369,8,2,1.435,64,2,"adult","chrysurus",369,"Mcoral",0
369,8,2,1.435,64,2,"adult","chrysurus",369,"Rubble",2.35153539019964
370,7,3,1.28,65,2,"adult","amboinensis",370,"Pavement",0.653697465249387
370,7,3,1.28,65,2,"adult","amboinensis",370,"Sand",3.92105032822757
370,7,3,1.28,65,2,"adult","amboinensis",370,"Algae",0
370,7,3,1.28,65,2,"adult","amboinensis",370,"Soft.cor",0.952262521588946
370,7,3,1.28,65,2,"adult","amboinensis",370,"Cbranching",0
370,7,3,1.28,65,2,"adult","amboinensis",370,"Fbranching",0.182569536423841
370,7,3,1.28,65,2,"adult","amboinensis",370,"Mcoral",0
370,7,3,1.28,65,2,"adult","amboinensis",370,"Rubble",0.50032667876588
371,6,2.9,1.31,66,2,"adult","amboinensis",371,"Pavement",0.338119378577269
371,6,2.9,1.31,66,2,"adult","amboinensis",371,"Sand",2.17165864332604
371,6,2.9,1.31,66,2,"adult","amboinensis",371,"Algae",0
371,6,2.9,1.31,66,2,"adult","amboinensis",371,"Soft.cor",0.142839378238342
371,6,2.9,1.31,66,2,"adult","amboinensis",371,"Cbranching",0
371,6,2.9,1.31,66,2,"adult","amboinensis",371,"Fbranching",0
371,6,2.9,1.31,66,2,"adult","amboinensis",371,"Mcoral",0
371,6,2.9,1.31,66,2,"adult","amboinensis",371,"Rubble",3.55231941923775
372,7,1.9,2.2,67,3,"adult","moluccensis",372,"Pavement",0.514843295638126
372,7,1.9,2.2,67,3,"adult","moluccensis",372,"Sand",0.092993288590604
372,7,1.9,2.2,67,3,"adult","moluccensis",372,"Algae",0
372,7,1.9,2.2,67,3,"adult","moluccensis",372,"Soft.cor",2.64496312364425
372,7,1.9,2.2,67,3,"adult","moluccensis",372,"Cbranching",0
372,7,1.9,2.2,67,3,"adult","moluccensis",372,"Fbranching",0.491347517730496
372,7,1.9,2.2,67,3,"adult","moluccensis",372,"Mcoral",3.37568271954674
372,7,1.9,2.2,67,3,"adult","moluccensis",372,"Rubble",0.277582637729549
373,8,2.4,2.085,68,3,"adult","moluccensis",373,"Pavement",0.626765751211632
373,8,2.4,2.085,68,3,"adult","moluccensis",373,"Sand",0
373,8,2.4,2.085,68,3,"adult","moluccensis",373,"Algae",0.371973154362416
373,8,2.4,2.085,68,3,"adult","moluccensis",373,"Soft.cor",1.26236876355748
373,8,2.4,2.085,68,3,"adult","moluccensis",373,"Cbranching",0
373,8,2.4,2.085,68,3,"adult","moluccensis",373,"Fbranching",0.0982695035460993
373,8,2.4,2.085,68,3,"adult","moluccensis",373,"Mcoral",5.41679320113314
373,8,2.4,2.085,68,3,"adult","moluccensis",373,"Rubble",0.1850550918197
374,6,1.5,1.965,69,3,"adult","moluccensis",374,"Pavement",0.40292084006462
374,6,1.5,1.965,69,3,"adult","moluccensis",374,"Sand",0.185986577181208
374,6,1.5,1.965,69,3,"adult","moluccensis",374,"Algae",0.743946308724832
374,6,1.5,1.965,69,3,"adult","moluccensis",374,"Soft.cor",4.20789587852495
374,6,1.5,1.965,69,3,"adult","moluccensis",374,"Cbranching",0
374,6,1.5,1.965,69,3,"adult","moluccensis",374,"Fbranching",1.86712056737589
374,6,1.5,1.965,69,3,"adult","moluccensis",374,"Mcoral",0.235512747875354
374,6,1.5,1.965,69,3,"adult","moluccensis",374,"Rubble",0.416373956594324
375,7,2.3,1.535,70,3,"adult","chrysurus",375,"Pavement",1.16399353796446
375,7,2.3,1.535,70,3,"adult","chrysurus",375,"Sand",1.67387919463087
375,7,2.3,1.535,70,3,"adult","chrysurus",375,"Algae",0.557959731543624
375,7,2.3,1.535,70,3,"adult","chrysurus",375,"Soft.cor",0.30056399132321
375,7,2.3,1.535,70,3,"adult","chrysurus",375,"Cbranching",0.329904761904762
375,7,2.3,1.535,70,3,"adult","chrysurus",375,"Fbranching",0.589617021276596
375,7,2.3,1.535,70,3,"adult","chrysurus",375,"Mcoral",0.157008498583569
375,7,2.3,1.535,70,3,"adult","chrysurus",375,"Rubble",1.75802337228715
376,7,1.6,1.765,71,3,"adult","amboinensis",376,"Pavement",0.470074313408724
376,7,1.6,1.765,71,3,"adult","amboinensis",376,"Sand",3.71973154362416
376,7,1.6,1.765,71,3,"adult","amboinensis",376,"Algae",0.92993288590604
376,7,1.6,1.765,71,3,"adult","amboinensis",376,"Soft.cor",1.80338394793926
376,7,1.6,1.765,71,3,"adult","amboinensis",376,"Cbranching",0
376,7,1.6,1.765,71,3,"adult","amboinensis",376,"Fbranching",1.57231205673759
376,7,1.6,1.765,71,3,"adult","amboinensis",376,"Mcoral",0.785042492917847
376,7,1.6,1.765,71,3,"adult","amboinensis",376,"Rubble",0.138791318864775
377,7,1.4,1.13,72,3,"adult","chrysurus",377,"Pavement",1.07445557350565
377,7,1.4,1.13,72,3,"adult","chrysurus",377,"Sand",2.97578523489933
377,7,1.4,1.13,72,3,"adult","chrysurus",377,"Algae",0.743946308724832
377,7,1.4,1.13,72,3,"adult","chrysurus",377,"Soft.cor",0.901691973969631
377,7,1.4,1.13,72,3,"adult","chrysurus",377,"Cbranching",0
377,7,1.4,1.13,72,3,"adult","chrysurus",377,"Fbranching",0.982695035460993
377,7,1.4,1.13,72,3,"adult","chrysurus",377,"Mcoral",0.471025495750708
377,7,1.4,1.13,72,3,"adult","chrysurus",377,"Rubble",0.416373956594324
378,7,1.4,1.275,73,3,"adult","chrysurus",378,"Pavement",1.00730210016155
378,7,1.4,1.275,73,3,"adult","chrysurus",378,"Sand",3.44075167785235
378,7,1.4,1.275,73,3,"adult","chrysurus",378,"Algae",1.48789261744966
378,7,1.4,1.275,73,3,"adult","chrysurus",378,"Soft.cor",0.240451193058568
378,7,1.4,1.275,73,3,"adult","chrysurus",378,"Cbranching",0
378,7,1.4,1.275,73,3,"adult","chrysurus",378,"Fbranching",1.37577304964539
378,7,1.4,1.275,73,3,"adult","chrysurus",378,"Mcoral",1.0205552407932
378,7,1.4,1.275,73,3,"adult","chrysurus",378,"Rubble",0.138791318864775
379,8,1.5,1.395,74,3,"adult","amboinensis",379,"Pavement",0.738688206785137
379,8,1.5,1.395,74,3,"adult","amboinensis",379,"Sand",2.97578523489933
379,8,1.5,1.395,74,3,"adult","amboinensis",379,"Algae",0.185986577181208
379,8,1.5,1.395,74,3,"adult","amboinensis",379,"Soft.cor",1.02191757049892
379,8,1.5,1.395,74,3,"adult","amboinensis",379,"Cbranching",0
379,8,1.5,1.395,74,3,"adult","amboinensis",379,"Fbranching",0.687886524822695
379,8,1.5,1.395,74,3,"adult","amboinensis",379,"Mcoral",2.11961473087819
379,8,1.5,1.395,74,3,"adult","amboinensis",379,"Rubble",0.323846410684474
380,7,1.5,1.19,75,3,"adult","amboinensis",380,"Pavement",0.268613893376414
380,7,1.5,1.19,75,3,"adult","amboinensis",380,"Sand",5.67259060402685
380,7,1.5,1.19,75,3,"adult","amboinensis",380,"Algae",0
380,7,1.5,1.19,75,3,"adult","amboinensis",380,"Soft.cor",1.74327114967462
380,7,1.5,1.19,75,3,"adult","amboinensis",380,"Cbranching",0
380,7,1.5,1.19,75,3,"adult","amboinensis",380,"Fbranching",0.491347517730496
380,7,1.5,1.19,75,3,"adult","amboinensis",380,"Mcoral",0.314016997167139
380,7,1.5,1.19,75,3,"adult","amboinensis",380,"Rubble",0.647692821368948
381,8,1.4,1.265,76,3,"adult","chrysurus",381,"Pavement",1.41022294022617
381,8,1.4,1.265,76,3,"adult","chrysurus",381,"Sand",1.67387919463087
381,8,1.4,1.265,76,3,"adult","chrysurus",381,"Algae",1.11591946308725
381,8,1.4,1.265,76,3,"adult","chrysurus",381,"Soft.cor",1.1421431670282
381,8,1.4,1.265,76,3,"adult","chrysurus",381,"Cbranching",0
381,8,1.4,1.265,76,3,"adult","chrysurus",381,"Fbranching",0.491347517730496
381,8,1.4,1.265,76,3,"adult","chrysurus",381,"Mcoral",0.785042492917847
381,8,1.4,1.265,76,3,"adult","chrysurus",381,"Rubble",0.0925275459098498
382,6,1.3,1.515,77,3,"adult","moluccensis",382,"Pavement",1.02968659127625
382,6,1.3,1.515,77,3,"adult","moluccensis",382,"Sand",0.092993288590604
382,6,1.3,1.515,77,3,"adult","moluccensis",382,"Algae",0
382,6,1.3,1.515,77,3,"adult","moluccensis",382,"Soft.cor",2.94552711496746
382,6,1.3,1.515,77,3,"adult","moluccensis",382,"Cbranching",0
382,6,1.3,1.515,77,3,"adult","moluccensis",382,"Fbranching",0.884425531914894
382,6,1.3,1.515,77,3,"adult","moluccensis",382,"Mcoral",0.706538243626062
382,6,1.3,1.515,77,3,"adult","moluccensis",382,"Rubble",0.370110183639399
383,8,1.5,1.245,78,3,"adult","amboinensis",383,"Pavement",0.470074313408724
383,8,1.5,1.245,78,3,"adult","amboinensis",383,"Sand",5.20762416107383
383,8,1.5,1.245,78,3,"adult","amboinensis",383,"Algae",0.185986577181208
383,8,1.5,1.245,78,3,"adult","amboinensis",383,"Soft.cor",1.02191757049892
383,8,1.5,1.245,78,3,"adult","amboinensis",383,"Cbranching",0
383,8,1.5,1.245,78,3,"adult","amboinensis",383,"Fbranching",0
383,8,1.5,1.245,78,3,"adult","amboinensis",383,"Mcoral",1.41307648725212
383,8,1.5,1.245,78,3,"adult","amboinensis",383,"Rubble",0.555165275459099
384,7,2.7,1.215,79,2,"adult","amboinensis",384,"Pavement",1.26231234668847
384,7,2.7,1.215,79,2,"adult","amboinensis",384,"Sand",1.74939168490153
384,7,2.7,1.215,79,2,"adult","amboinensis",384,"Algae",0
384,7,2.7,1.215,79,2,"adult","amboinensis",384,"Soft.cor",0.428518134715026
384,7,2.7,1.215,79,2,"adult","amboinensis",384,"Cbranching",0
384,7,2.7,1.215,79,2,"adult","amboinensis",384,"Fbranching",0.547708609271523
384,7,2.7,1.215,79,2,"adult","amboinensis",384,"Mcoral",0.373803389830508
384,7,2.7,1.215,79,2,"adult","amboinensis",384,"Rubble",1.15075136116152
385,7,2.9,1.355,80,2,"adult","amboinensis",385,"Pavement",0.901651676206051
385,7,2.9,1.355,80,2,"adult","amboinensis",385,"Sand",3.13684026258206
385,7,2.9,1.355,80,2,"adult","amboinensis",385,"Algae",0
385,7,2.9,1.355,80,2,"adult","amboinensis",385,"Soft.cor",0.0952262521588946
385,7,2.9,1.355,80,2,"adult","amboinensis",385,"Cbranching",0
385,7,2.9,1.355,80,2,"adult","amboinensis",385,"Fbranching",2.19083443708609
385,7,2.9,1.355,80,2,"adult","amboinensis",385,"Mcoral",1.12141016949153
385,7,2.9,1.355,80,2,"adult","amboinensis",385,"Rubble",0.350228675136116
386,7,2.5,1.485,81,2,"adult","moluccensis",386,"Pavement",0.698780049059689
386,7,2.5,1.485,81,2,"adult","moluccensis",386,"Sand",1.14615317286652
386,7,2.5,1.485,81,2,"adult","moluccensis",386,"Algae",0
386,7,2.5,1.485,81,2,"adult","moluccensis",386,"Soft.cor",1.14271502590674
386,7,2.5,1.485,81,2,"adult","moluccensis",386,"Cbranching",0
386,7,2.5,1.485,81,2,"adult","moluccensis",386,"Fbranching",0.365139072847682
386,7,2.5,1.485,81,2,"adult","moluccensis",386,"Mcoral",3.83148474576271
386,7,2.5,1.485,81,2,"adult","moluccensis",386,"Rubble",0.400261343012704
387,6,2.6,1.835,82,2,"adult","moluccensis",387,"Pavement",0.608614881439084
387,6,2.6,1.835,82,2,"adult","moluccensis",387,"Sand",0.180971553610503
387,6,2.6,1.835,82,2,"adult","moluccensis",387,"Algae",0.483649122807018
387,6,2.6,1.835,82,2,"adult","moluccensis",387,"Soft.cor",0.571357512953368
387,6,2.6,1.835,82,2,"adult","moluccensis",387,"Cbranching",2.90189473684211
387,6,2.6,1.835,82,2,"adult","moluccensis",387,"Fbranching",0
387,6,2.6,1.835,82,2,"adult","moluccensis",387,"Mcoral",0.747606779661017
387,6,2.6,1.835,82,2,"adult","moluccensis",387,"Rubble",3.50228675136116
388,5,2.2,1.945,83,2,"adult","moluccensis",388,"Pavement",1.03689942763696
388,5,2.2,1.945,83,2,"adult","moluccensis",388,"Sand",0.0603238512035011
388,5,2.2,1.945,83,2,"adult","moluccensis",388,"Algae",0.322432748538012
388,5,2.2,1.945,83,2,"adult","moluccensis",388,"Soft.cor",1.47600690846287
388,5,2.2,1.945,83,2,"adult","moluccensis",388,"Cbranching",20.3132631578947
388,5,2.2,1.945,83,2,"adult","moluccensis",388,"Fbranching",0
388,5,2.2,1.945,83,2,"adult","moluccensis",388,"Mcoral",1.77556610169492
388,5,2.2,1.945,83,2,"adult","moluccensis",388,"Rubble",0.200130671506352
389,8,2.4,1.7,84,2,"adult","amboinensis",389,"Pavement",0.405743254292723
389,8,2.4,1.7,84,2,"adult","amboinensis",389,"Sand",1.99068708971554
389,8,2.4,1.7,84,2,"adult","amboinensis",389,"Algae",0
389,8,2.4,1.7,84,2,"adult","amboinensis",389,"Soft.cor",0.333291882556131
389,8,2.4,1.7,84,2,"adult","amboinensis",389,"Cbranching",0
389,8,2.4,1.7,84,2,"adult","amboinensis",389,"Fbranching",0
389,8,2.4,1.7,84,2,"adult","amboinensis",389,"Mcoral",0.280352542372881
389,8,2.4,1.7,84,2,"adult","amboinensis",389,"Rubble",3.20209074410163
390,7,2.5,1.69,85,2,"adult","amboinensis",390,"Pavement",0.202871627146361
390,7,2.5,1.69,85,2,"adult","amboinensis",390,"Sand",2.89554485776805
390,7,2.5,1.69,85,2,"adult","amboinensis",390,"Algae",0.161216374269006
390,7,2.5,1.69,85,2,"adult","amboinensis",390,"Soft.cor",0.0476131260794473
390,7,2.5,1.69,85,2,"adult","amboinensis",390,"Cbranching",0
390,7,2.5,1.69,85,2,"adult","amboinensis",390,"Fbranching",0
390,7,2.5,1.69,85,2,"adult","amboinensis",390,"Mcoral",0
390,7,2.5,1.69,85,2,"adult","amboinensis",390,"Rubble",3.30215607985481
391,6,2.4,1.825,86,2,"adult","moluccensis",391,"Pavement",0.36066067048242
391,6,2.4,1.825,86,2,"adult","moluccensis",391,"Sand",1.87003938730853
391,6,2.4,1.825,86,2,"adult","moluccensis",391,"Algae",0.161216374269006
391,6,2.4,1.825,86,2,"adult","moluccensis",391,"Soft.cor",2.90440069084629
391,6,2.4,1.825,86,2,"adult","moluccensis",391,"Cbranching",0
391,6,2.4,1.825,86,2,"adult","moluccensis",391,"Fbranching",0
391,6,2.4,1.825,86,2,"adult","moluccensis",391,"Mcoral",0.65415593220339
391,6,2.4,1.825,86,2,"adult","moluccensis",391,"Rubble",0.450294010889292
392,7,1.4,1.46,87,2,"adult","chrysurus",392,"Pavement",0.946734260016353
392,7,1.4,1.46,87,2,"adult","chrysurus",392,"Sand",0.603238512035011
392,7,1.4,1.46,87,2,"adult","chrysurus",392,"Algae",0.483649122807018
392,7,1.4,1.46,87,2,"adult","chrysurus",392,"Soft.cor",0.904649395509499
392,7,1.4,1.46,87,2,"adult","chrysurus",392,"Cbranching",0
392,7,1.4,1.46,87,2,"adult","chrysurus",392,"Fbranching",0.182569536423841
392,7,1.4,1.46,87,2,"adult","chrysurus",392,"Mcoral",0.934508474576271
392,7,1.4,1.46,87,2,"adult","chrysurus",392,"Rubble",1.95127404718693
393,7,1.6,1.505,88,2,"adult","chrysurus",393,"Pavement",0.473367130008177
393,7,1.6,1.505,88,2,"adult","chrysurus",393,"Sand",0.723886214442013
393,7,1.6,1.505,88,2,"adult","chrysurus",393,"Algae",0
393,7,1.6,1.505,88,2,"adult","chrysurus",393,"Soft.cor",0.428518134715026
393,7,1.6,1.505,88,2,"adult","chrysurus",393,"Cbranching",0
393,7,1.6,1.505,88,2,"adult","chrysurus",393,"Fbranching",0.730278145695364
393,7,1.6,1.505,88,2,"adult","chrysurus",393,"Mcoral",0.186901694915254
393,7,1.6,1.505,88,2,"adult","chrysurus",393,"Rubble",3.40222141560799
394,7,1.6,1.4,89,2,"adult","chrysurus",394,"Pavement",0.293036794766967
394,7,1.6,1.4,89,2,"adult","chrysurus",394,"Sand",1.32712472647702
394,7,1.6,1.4,89,2,"adult","chrysurus",394,"Algae",0.483649122807018
394,7,1.6,1.4,89,2,"adult","chrysurus",394,"Soft.cor",1.47600690846287
394,7,1.6,1.4,89,2,"adult","chrysurus",394,"Cbranching",0
394,7,1.6,1.4,89,2,"adult","chrysurus",394,"Fbranching",0
394,7,1.6,1.4,89,2,"adult","chrysurus",394,"Mcoral",0
394,7,1.6,1.4,89,2,"adult","chrysurus",394,"Rubble",2.70176406533575
395,7,1.3,1.325,90,2,"adult","chrysurus",395,"Pavement",1.8033033524121
395,7,1.3,1.325,90,2,"adult","chrysurus",395,"Sand",0.422266958424508
395,7,1.3,1.325,90,2,"adult","chrysurus",395,"Algae",0.161216374269006
395,7,1.3,1.325,90,2,"adult","chrysurus",395,"Soft.cor",0.285678756476684
395,7,1.3,1.325,90,2,"adult","chrysurus",395,"Cbranching",0
395,7,1.3,1.325,90,2,"adult","chrysurus",395,"Fbranching",0.912847682119205
395,7,1.3,1.325,90,2,"adult","chrysurus",395,"Mcoral",1.30831186440678
395,7,1.3,1.325,90,2,"adult","chrysurus",395,"Rubble",0.600392014519056
